date,model,total_solar_gw,national_cf_pct,national_cf_peak_pct,climo_cf_pct,anomaly_cf_pct,drought_flag
2026-10-09,GFS,4.81,10.0,20.9,19.6,1.3,0
2026-10-10,GFS,4.17,8.7,18.4,19.4,-1.0,0
2026-10-11,GFS,2.9,6.0,11.4,19.2,-7.8,1
2026-10-12,GFS,3.94,8.2,17.4,18.0,-0.5,0
2026-10-13,GFS,3.72,7.8,16.6,19.0,-2.4,0
2026-10-14,GFS,3.91,8.1,16.9,17.3,-0.4,0
2026-10-15,GFS,3.27,6.8,13.1,18.0,-4.9,1
2026-10-16,GFS,3.78,7.9,15.9,17.8,-1.9,0
2026-10-17,GFS,3.59,7.5,14.8,17.8,-3.0,0
2026-10-18,GFS,3.94,8.2,17.2,17.2,-0.1,0
2026-10-19,GFS,3.82,8.0,16.5,16.4,0.1,0
2026-10-20,GFS,3.75,7.8,16.2,15.8,0.5,0
2026-10-21,GFS,3.63,7.6,15.8,16.1,-0.3,0
2026-10-22,GFS,3.41,7.1,15.0,16.1,-1.1,0
2026-10-23,GFS,3.0,6.2,12.6,15.9,-3.3,0
2026-10-24,GFS,3.16,6.6,13.3,15.3,-2.0,0
2026-10-09,HRRR,4.91,10.2,21.3,19.6,1.7,0
2026-10-10,HRRR,4.17,8.7,18.4,19.4,-1.0,0
