date,model,total_wind_gw,national_cf_pct,national_cf_peak_pct,national_cf_offpeak_pct,national_cf_shoulder_pct,climo_cf_pct,anomaly_cf_pct,drought_flag,gfs_p10_gw,gfs_p90_gw
2026-09-30,GFS,30.26,28.5,21.6,33.8,29.7,21.4,7.2,0,,
2026-10-01,GFS,18.24,17.2,18.1,18.1,15.0,21.2,-4.0,0,,
2026-10-02,GFS,20.66,19.5,15.0,22.9,20.3,19.2,0.3,0,,
2026-10-03,GFS,16.08,15.2,8.1,16.6,21.4,22.4,-7.2,1,,
2026-10-04,GFS,4.66,4.4,4.0,5.6,3.4,20.7,-16.3,1,,
2026-10-05,GFS,11.92,11.2,13.1,11.1,9.2,24.7,-13.4,1,,
2026-10-06,GFS,32.52,30.7,37.6,26.6,28.0,18.3,12.4,0,,
2026-10-07,GFS,20.35,19.2,16.4,22.7,18.0,11.1,8.1,0,,
2026-10-08,GFS,7.44,7.0,7.7,7.2,6.1,12.5,-5.5,1,,
2026-10-09,GFS,14.43,13.6,16.1,12.1,12.6,17.4,-3.8,0,,
2026-10-10,GFS,18.29,17.3,14.2,18.8,18.8,18.5,-1.2,0,,
2026-10-11,GFS,21.54,20.3,16.9,20.4,24.1,32.1,-11.8,1,,
2026-10-12,GFS,6.62,6.2,2.6,8.4,7.6,45.2,-39.0,1,,
2026-10-13,GFS,2.59,2.4,1.2,4.4,1.4,35.3,-32.8,1,,
2026-10-14,GFS,10.23,9.7,11.5,9.5,7.8,23.6,-13.9,1,,
2026-10-15,GFS,15.82,14.9,14.9,12.6,17.9,19.1,-4.1,0,,
2026-09-30,ECMWF,23.47,22.1,15.1,21.8,30.7,21.4,0.8,0,,
2026-10-01,ECMWF,14.41,13.6,11.7,16.5,11.9,21.2,-7.6,1,,
2026-10-02,ECMWF,16.78,15.8,10.0,18.3,19.4,19.2,-3.4,0,,
2026-10-03,ECMWF,8.34,7.9,5.2,9.0,9.5,22.4,-14.5,1,,
2026-10-04,ECMWF,2.17,2.0,1.5,1.9,2.8,20.7,-18.7,1,,
2026-10-05,ECMWF,4.97,4.7,4.4,4.7,5.0,24.7,-20.0,1,,
2026-10-06,ECMWF,10.7,10.1,8.9,8.2,13.9,18.3,-8.2,1,,
2026-10-07,ECMWF,7.71,7.3,3.2,7.3,11.9,11.1,-3.8,1,,
2026-10-08,ECMWF,2.5,2.4,2.0,2.5,2.6,12.5,-10.2,1,,
2026-10-09,ECMWF,1.74,1.6,0.9,1.8,2.2,17.4,-15.7,1,,
2026-09-30,ICON,31.7,29.9,21.7,31.4,37.4,21.4,8.5,0,,
2026-10-01,ICON,24.04,22.7,17.8,25.5,24.6,21.2,1.5,0,,
2026-10-02,ICON,25.71,24.3,17.5,23.6,32.9,19.2,5.1,0,,
2026-10-03,ICON,12.29,11.6,8.7,11.5,15.1,22.4,-10.8,1,,
2026-10-04,ICON,18.26,17.2,20.9,11.7,20.2,20.7,-3.5,0,,
2026-10-05,ICON,15.87,15.0,11.4,16.2,17.5,24.7,-9.7,1,,
2026-10-06,ICON,23.25,21.9,16.7,19.1,31.5,18.3,3.6,0,,
2026-09-30,HRRR,21.35,20.1,18.2,20.1,22.5,21.4,-1.2,0,,
2026-10-01,HRRR,23.15,21.8,23.4,22.2,19.7,21.2,0.7,0,,
2026-09-30,GFS_CFS,26.78,25.3,19.0,28.4,28.4,21.4,3.9,0,,
2026-10-01,GFS_CFS,21.83,20.6,19.5,22.7,19.1,21.2,-0.6,0,,
2026-10-02,GFS_CFS,24.3,22.9,14.4,27.5,26.7,19.2,3.7,0,,
2026-10-03,GFS_CFS,17.63,16.6,10.8,20.5,18.3,22.4,-5.8,1,,
2026-10-04,GFS_CFS,5.97,5.6,5.9,5.0,6.2,20.7,-15.1,1,,
2026-10-05,GFS_CFS,8.81,8.3,6.6,9.9,8.2,24.7,-16.4,1,,
2026-10-06,GFS_CFS,29.75,28.1,36.5,22.2,26.0,18.3,9.7,0,,
2026-10-07,GFS_CFS,26.24,24.8,7.8,34.7,31.3,11.1,13.6,0,,
2026-10-08,GFS_CFS,7.39,7.0,8.6,7.2,4.8,12.5,-5.5,1,,
2026-10-09,GFS_CFS,11.42,10.8,9.5,11.1,11.8,17.4,-6.6,1,,
2026-10-10,GFS_CFS,6.36,6.0,3.0,8.4,6.4,18.5,-12.5,1,,
2026-10-11,GFS_CFS,9.34,8.8,8.7,9.0,8.7,32.1,-23.3,1,,
2026-10-12,GFS_CFS,22.93,21.6,18.4,20.5,26.8,45.2,-23.6,1,,
2026-10-13,GFS_CFS,15.36,14.5,7.3,18.7,17.3,35.3,-20.8,1,,
2026-10-14,GFS_CFS,13.83,13.0,17.1,10.6,11.6,23.6,-10.5,1,,
2026-10-15,GFS_CFS,29.05,27.4,24.3,25.9,33.0,19.1,8.4,0,,
2026-10-16,GFS_CFS,26.13,24.7,18.8,22.7,33.9,23.9,0.8,0,,
2026-10-17,GFS_CFS,51.25,48.4,62.7,36.9,46.7,28.5,19.9,0,,
2026-10-18,GFS_CFS,48.19,45.5,50.9,46.0,38.5,36.9,8.5,0,,
2026-10-19,GFS_CFS,12.92,12.2,5.9,20.9,8.2,29.3,-17.1,1,,
2026-10-20,GFS_CFS,5.39,5.1,2.9,3.9,9.1,27.5,-22.4,1,,
2026-10-21,GFS_CFS,7.23,6.8,7.6,5.4,7.8,33.1,-26.2,1,,
2026-10-22,GFS_CFS,14.69,13.9,17.6,10.4,14.1,27.3,-13.5,1,,
2026-10-23,GFS_CFS,22.27,21.0,13.4,18.4,33.0,36.3,-15.3,1,,
2026-10-24,GFS_CFS,25.72,24.3,16.0,22.3,36.2,38.3,-14.0,1,,
2026-10-25,GFS_CFS,12.04,11.4,6.6,12.8,15.0,24.1,-12.7,1,,
2026-10-26,GFS_CFS,16.68,15.7,16.3,14.2,17.1,27.4,-11.6,1,,
2026-10-27,GFS_CFS,35.06,33.1,32.1,28.7,39.8,36.0,-2.9,0,,
2026-10-28,GFS_CFS,30.25,28.5,24.6,28.5,33.2,37.2,-8.7,0,,
2026-10-29,GFS_CFS,34.93,32.9,26.1,36.8,35.8,42.9,-10.0,0,,
2026-10-30,GFS_CFS,66.27,62.5,63.8,61.1,62.8,23.7,38.9,0,,
2026-10-31,GFS_CFS,46.69,44.0,25.2,51.1,56.5,20.4,23.6,0,,
2026-11-01,GFS_CFS,21.73,20.5,21.6,14.5,27.0,16.7,3.8,0,,
2026-11-02,GFS_CFS,29.67,28.0,20.1,26.0,39.5,29.2,-1.3,0,,
