date,mean_temp,hdd,cdd,tdd,mean_temp_gw,hdd_gw,cdd_gw,tdd_gw,model,run_id
2026-09-01,76.71,0,11.71,11.71,76.71,0,11.71,11.71,HGEFS,20260831_00
2026-09-02,76.98,0,11.98,11.98,76.98,0,11.98,11.98,HGEFS,20260831_00
2026-09-03,77.03,0,12.03,12.03,77.03,0,12.03,12.03,HGEFS,20260831_00
2026-09-04,76.04,0,11.04,11.04,76.04,0,11.04,11.04,HGEFS,20260831_00
2026-09-05,73.41,0,8.41,8.41,73.41,0,8.41,8.41,HGEFS,20260831_00
2026-09-06,70.73,0,5.73,5.73,70.73,0,5.73,5.73,HGEFS,20260831_00
2026-09-07,69.74,0,4.74,4.74,69.74,0,4.74,4.74,HGEFS,20260831_00
2026-09-08,69.83,0,4.83,4.83,69.83,0,4.83,4.83,HGEFS,20260831_00
2026-09-09,70.96,0,5.96,5.96,70.96,0,5.96,5.96,HGEFS,20260831_00
