date,master_tdd,disagreement_spread,power_burn_proxy,composite_score,market_bias,15d_pct_deviation
20260927,3.9,0.4,5.2,0.03,NEUTRAL,-5.67
20260928,3.5,0.8,0.0,0.0,NEUTRAL,-5.67
20260929,3.1,1.2,0.0,0.0,NEUTRAL,-5.67
20260930,3.3,0.8,0.0,0.0,NEUTRAL,-5.67
20261001,4.1,0.4,0.0,0.0,NEUTRAL,-5.67
20261002,4.3,0.7,0.0,0.0,NEUTRAL,-5.67
20261003,3.7,0.3,0.0,0.0,NEUTRAL,-5.67
20261004,3.0,1.6,0.0,0.0,NEUTRAL,-5.67
20261005,3.9,0.4,0.0,0.0,NEUTRAL,-5.67
20261006,5.0,2.0,0.0,0.0,NEUTRAL,-5.67
20261007,5.0,2.1,0.0,0.0,NEUTRAL,-5.67
20261008,4.7,1.8,0.0,0.0,NEUTRAL,-5.67
20261009,4.8,1.1,0.0,0.0,NEUTRAL,-5.67
20261010,4.7,1.9,0.0,0.0,NEUTRAL,-5.67
20261011,5.2,0.6,0.0,0.0,NEUTRAL,-5.67
20261012,4.7,,0.0,0.0,NEUTRAL,-5.67
