date,temp
2025-07-16,85.08
2025-07-17,84.517
2025-07-18,84.87
2025-07-19,85.514
2025-07-20,85.617
2025-07-21,86.4
2025-07-22,86.475
2025-07-23,87.152
2025-07-24,88.183
2025-07-25,85.802
2025-07-26,84.616
2025-07-27,84.826
2025-07-28,86.401
2025-07-29,87.766
2025-07-30,88.185
2025-07-31,88.426
2025-08-01,86.533
2025-08-02,85.357
2025-08-03,85.084
2025-08-04,83.988
2025-08-05,84.213
2025-08-06,85.939
2025-08-07,87.571
2025-08-08,88.358
2025-08-09,88.063
2025-08-10,86.949
2025-08-11,86.018
2025-08-12,85.32
2025-08-13,85.163
2025-08-14,86.513
2025-08-15,86.0
2025-08-16,85.696
2025-08-17,87.06
2025-08-18,88.407
2025-08-19,87.026
2025-08-20,84.564
2025-08-21,83.584
2025-08-22,81.909
2025-08-23,83.872
2025-08-24,85.773
2025-08-25,85.987
2025-08-26,83.919
2025-08-27,83.037
2025-08-28,86.193
2025-08-29,84.637
2025-08-30,82.843
2025-08-31,81.459
2025-09-01,80.166
2025-09-02,81.774
2025-09-03,83.246
2025-09-04,85.341
2025-09-05,86.257
2025-09-06,79.842
2025-09-07,76.489
2025-09-08,76.48
2025-09-09,76.883
2025-09-10,79.839
2025-09-11,81.898
2025-09-12,83.484
2025-09-13,83.17
2025-09-14,83.583
2025-09-15,83.109
2025-09-16,83.233
2025-09-17,83.413
2025-09-18,83.244
2025-09-19,82.416
2025-09-20,82.94
2025-09-21,82.449
2025-09-22,83.151
2025-09-23,84.967
2025-09-24,81.286
2025-09-25,78.807
2025-09-26,78.595
2025-09-27,78.373
2025-09-28,78.597
2025-09-29,78.636
2025-09-30,81.586
2025-10-01,80.96
2025-10-02,81.612
2025-10-03,81.167
2025-10-04,79.383
2025-10-05,79.88
2025-10-06,81.041
2025-10-07,81.446
2025-10-08,81.052
2025-10-09,80.888
2025-10-10,79.327
2025-10-11,78.204
2025-10-12,78.229
2025-10-13,78.564
2025-10-14,78.197
2025-10-15,77.742
2025-10-16,76.176
2025-10-17,79.5
2025-10-18,80.582
2025-10-19,75.279
2025-10-20,76.492
2025-10-21,78.453
2025-10-22,73.553
2025-10-23,75.207
2025-10-24,75.637
2025-10-25,70.718
2025-10-26,70.923
2025-10-27,73.431
2025-10-28,73.567
2025-10-29,60.197
2025-10-30,57.087
2025-10-31,59.18
2025-11-01,62.053
2025-11-02,60.987
2025-11-03,62.991
2025-11-04,64.983
2025-11-05,68.877
2025-11-06,70.216
2025-11-07,72.991
2025-11-08,72.037
2025-11-09,63.896
2025-11-10,51.418
2025-11-11,56.97
2025-11-12,66.853
2025-11-13,70.57
2025-11-14,72.567
2025-11-15,73.51
2025-11-16,73.998
2025-11-17,76.006
2025-11-18,77.13
2025-11-19,76.003
2025-11-20,73.06
2025-11-21,72.084
2025-11-22,66.938
2025-11-23,63.657
2025-11-24,69.562
2025-11-25,66.711
2025-11-26,58.339
2025-11-27,55.166
2025-11-28,56.707
2025-11-29,65.1
2025-11-30,50.005
2025-12-01,44.818
2025-12-02,43.84
2025-12-03,50.841
2025-12-04,50.684
2025-12-05,47.817
2025-12-06,54.104
2025-12-07,58.042
2025-12-08,48.24
2025-12-09,51.28
2025-12-10,57.969
2025-12-11,54.979
2025-12-12,61.61
2025-12-13,62.913
2025-12-14,49.618
2025-12-15,42.719
2025-12-16,52.173
2025-12-17,61.351
2025-12-18,64.713
2025-12-19,54.856
2025-12-20,63.795
2025-12-21,64.877
2025-12-22,67.543
2025-12-23,71.6
2025-12-24,70.547
2025-12-25,70.191
2025-12-26,72.738
2025-12-27,72.586
2025-12-28,71.082
2025-12-29,47.16
2025-12-30,46.407
2025-12-31,50.914
2026-01-01,58.127
2026-01-02,69.462
2026-01-03,65.295
2026-01-04,57.385
2026-01-05,63.307
2026-01-06,68.999
2026-01-07,67.091
2026-01-08,72.306
2026-01-09,66.979
2026-01-10,53.577
2026-01-11,49.363
2026-01-12,51.125
2026-01-13,51.931
2026-01-14,55.44
2026-01-15,50.374
2026-01-16,56.426
2026-01-17,48.601
2026-01-18,44.004
2026-01-19,49.055
2026-01-20,51.215
2026-01-21,61.223
2026-01-22,57.844
2026-01-23,59.092
2026-01-24,40.402
2026-01-25,27.864
2026-01-26,27.7
2026-01-27,34.128
2026-01-28,41.337
2026-01-29,48.331
2026-01-30,45.216
2026-01-31,37.584
2026-02-01,39.402
2026-02-02,52.794
2026-02-03,62.263
2026-02-04,54.37
2026-02-05,52.32
2026-02-06,60.46
2026-02-07,61.878
2026-02-08,63.685
2026-02-09,67.377
2026-02-10,66.686
2026-02-11,63.302
2026-02-12,64.395
2026-02-13,68.41
2026-02-14,67.206
2026-02-15,62.753
2026-02-16,60.341
2026-02-17,66.447
2026-02-18,68.918
2026-02-19,70.905
2026-02-20,64.393
2026-02-21,63.93
2026-02-22,52.587
2026-02-23,51.208
2026-02-24,57.565
2026-02-25,69.116
2026-02-26,71.971
2026-02-27,71.303
2026-02-28,69.985
2026-03-01,71.326
2026-03-02,71.623
2026-03-03,74.082
2026-03-04,74.023
2026-03-05,73.81
2026-03-06,74.035
2026-03-07,68.284
2026-03-08,62.506
2026-03-09,71.602
2026-03-10,74.356
2026-03-11,70.057
2026-03-12,56.509
2026-03-13,60.94
2026-03-14,67.865
2026-03-15,72.149
2026-03-16,48.632
2026-03-17,50.079
2026-03-18,60.483
2026-03-19,67.896
2026-03-20,71.85
2026-03-21,75.061
2026-03-22,75.9
2026-03-23,72.084
2026-03-24,73.485
2026-03-25,75.308
2026-03-26,75.357
2026-03-27,71.578
2026-03-28,63.838
2026-03-29,68.83
2026-03-30,74.192
2026-03-31,75.394
2026-04-01,76.786
2026-04-02,75.299
2026-04-03,75.951
2026-04-04,69.854
2026-04-05,60.147
2026-04-06,61.381
2026-04-07,62.737
2026-04-08,67.672
2026-04-09,70.817
2026-04-10,71.073
2026-04-11,72.439
2026-04-12,71.395
2026-04-13,75.245
2026-04-14,75.367
2026-04-15,74.523
2026-04-16,75.832
2026-04-17,76.134
2026-04-18,66.645
2026-04-19,58.618
2026-04-20,61.003
2026-04-21,63.658
2026-04-22,70.277
2026-04-23,74.174
2026-04-24,77.49
2026-04-25,77.419
2026-04-26,78.265
2026-04-27,80.107
2026-04-28,80.377
2026-04-29,73.857
2026-04-30,69.843
2026-05-01,63.167
2026-05-02,63.131
2026-05-03,67.113
2026-05-04,71.148
2026-05-05,77.209
2026-05-06,72.469
2026-05-07,66.888
2026-05-08,69.813
2026-05-09,76.604
2026-05-10,75.628
2026-05-11,71.254
2026-05-12,73.773
2026-05-13,77.398
2026-05-14,78.944
2026-05-15,79.245
2026-05-16,79.493
2026-05-17,80.058
2026-05-18,80.494
2026-05-19,77.205
2026-05-20,73.567
2026-05-21,73.27
2026-05-22,74.662
2026-05-23,74.064
2026-05-24,75.268
2026-05-25,76.523
2026-05-26,76.329
2026-05-27,72.318
2026-05-28,76.836
2026-05-29,80.748
2026-05-30,81.757
2026-05-31,82.526
2026-06-01,82.971
2026-06-02,81.91
2026-06-03,78.181
2026-06-04,78.064
2026-06-05,77.484
2026-06-06,78.917
2026-06-07,80.256
2026-06-08,82.051
2026-06-09,82.773
2026-06-10,83.403
2026-06-11,84.195
2026-06-12,83.109
2026-06-13,83.278
2026-06-14,81.316
2026-06-15,77.155
2026-06-16,79.075
2026-06-17,81.921
2026-06-18,85.946
2026-06-19,81.138
2026-06-20,78.755
2026-06-21,81.293
2026-06-22,84.891
2026-06-23,84.645
2026-06-24,84.785
2026-06-25,83.696
2026-06-26,85.431
2026-06-27,86.072
2026-06-28,86.614
2026-06-29,87.044
2026-06-30,85.991
2026-07-01,86.252
2026-07-02,85.879
2026-07-03,86.522
2026-07-04,87.532
2026-07-05,87.183
2026-07-06,86.085
2026-07-07,85.177
2026-07-08,86.155
2026-07-09,86.337
2026-07-10,84.47
2026-07-11,83.152
2026-07-12,83.683
2026-07-13,80.767
2026-07-14,78.285
2026-07-15,77.862
2026-07-16,80.595
2026-07-17,83.629
2026-07-18,85.276
2026-07-19,85.46
2026-07-20,86.646
2026-07-21,88.781
2026-07-22,91.62
2026-07-23,87.777
2026-07-24,85.62
2026-07-25,86.616
2026-07-26,86.805
2026-07-27,87.546
2026-07-28,87.777
2026-07-29,88.101
2026-07-30,89.017
2026-07-31,89.348
2026-08-01,88.255
2026-08-02,87.611
2026-08-03,88.016
2026-08-04,88.066
2026-08-05,88.61
2026-08-06,87.818
2026-08-07,87.856
2026-08-08,86.734
2026-08-09,85.786
2026-08-10,85.507
2026-08-11,87.017
2026-08-12,88.657
2026-08-13,89.328
2026-08-14,87.863
2026-08-15,88.995
2026-08-16,88.72
2026-08-17,89.384
2026-08-18,90.118
2026-08-19,89.863
2026-08-20,90.174
2026-08-21,90.867
2026-08-22,91.843
2026-08-23,92.217
2026-08-24,91.389
2026-08-25,90.073
2026-08-26,89.944
2026-08-27,88.203
2026-08-28,86.661
2026-08-29,87.33
2026-08-30,88.56
2026-08-31,88.25
2026-09-01,87.231
2026-09-02,87.075
2026-09-03,84.848
2026-09-04,85.188
2026-09-05,86.418
2026-09-06,85.39
2026-09-07,87.458
2026-09-08,88.216
2026-09-09,86.662
2026-09-10,85.456
2026-09-11,84.522
2026-09-12,86.794
2026-09-13,87.372
2026-09-14,87.39
2026-09-15,88.515
2026-09-16,87.904
2026-09-17,86.583
2026-09-18,85.307
2026-09-19,85.118
2026-09-20,85.109
2026-09-21,85.441
2026-09-22,85.041
2026-09-23,84.831
2026-09-24,85.011
