date,iso,nuclear_outage_mw,coal_outage_mw,total_outage_mw,nuclear_capacity_mw,coal_capacity_mw,nuclear_availability_pct
2024-12-16,NATIONAL,2990.152,0.0,2990.152,99129.8,180000.0,97.0
2024-12-17,NATIONAL,1998.832,0.0,1998.832,99129.8,180000.0,98.0
2024-12-18,NATIONAL,2536.909,0.0,2536.909,99129.8,180000.0,97.4
2024-12-19,NATIONAL,2540.122,0.0,2540.122,99129.8,180000.0,97.4
2024-12-20,NATIONAL,2190.962,0.0,2190.962,99129.8,180000.0,97.8
2024-12-21,NATIONAL,2266.282,0.0,2266.282,99129.8,180000.0,97.7
2024-12-22,NATIONAL,2237.902,0.0,2237.902,99129.8,180000.0,97.7
2024-12-23,NATIONAL,2433.854,0.0,2433.854,99129.8,180000.0,97.5
2024-12-24,NATIONAL,2668.492,0.0,2668.492,99129.8,180000.0,97.3
2024-12-25,NATIONAL,1941.905,0.0,1941.905,99129.8,180000.0,98.0
2024-12-26,NATIONAL,1941.905,0.0,1941.905,99129.8,180000.0,98.0
2024-12-27,NATIONAL,1957.658,0.0,1957.658,99129.8,180000.0,98.0
2024-12-28,NATIONAL,3296.225,0.0,3296.225,99129.8,180000.0,96.7
2024-12-29,NATIONAL,2708.49,0.0,2708.49,99129.8,180000.0,97.3
2024-12-30,NATIONAL,2195.862,0.0,2195.862,99129.8,180000.0,97.8
2024-12-31,NATIONAL,2294.012,0.0,2294.012,99129.8,180000.0,97.7
2025-01-01,NATIONAL,2165.832,0.0,2165.832,99145.8,180000.0,97.8
2025-01-02,NATIONAL,2197.172,0.0,2197.172,99145.8,180000.0,97.8
2025-01-03,NATIONAL,2048.02,0.0,2048.02,99145.8,180000.0,97.9
2025-01-04,NATIONAL,2033.895,0.0,2033.895,99145.8,180000.0,97.9
2025-01-05,NATIONAL,2091.629,0.0,2091.629,99145.8,180000.0,97.9
2025-01-06,NATIONAL,2077.095,0.0,2077.095,99145.8,180000.0,97.9
2025-01-07,NATIONAL,2410.585,0.0,2410.585,99145.8,180000.0,97.6
2025-01-08,NATIONAL,2127.475,0.0,2127.475,99145.8,180000.0,97.9
2025-01-09,NATIONAL,2143.185,0.0,2143.185,99145.8,180000.0,97.8
2025-01-10,NATIONAL,2135.745,0.0,2135.745,99145.8,180000.0,97.8
2025-01-11,NATIONAL,2510.675,0.0,2510.675,99145.8,180000.0,97.5
2025-01-12,NATIONAL,2110.265,0.0,2110.265,99145.8,180000.0,97.9
2025-01-13,NATIONAL,2125.878,0.0,2125.878,99145.8,180000.0,97.9
2025-01-14,NATIONAL,2147.828,0.0,2147.828,99145.8,180000.0,97.8
2025-01-15,NATIONAL,2149.369,0.0,2149.369,99145.8,180000.0,97.8
2025-01-16,NATIONAL,2361.669,0.0,2361.669,99145.8,180000.0,97.6
2025-01-17,NATIONAL,4478.929,0.0,4478.929,99145.8,180000.0,95.5
2025-01-18,NATIONAL,4346.713,0.0,4346.713,99145.8,180000.0,95.6
2025-01-19,NATIONAL,3695.908,0.0,3695.908,99145.8,180000.0,96.3
2025-01-20,NATIONAL,2951.923,0.0,2951.923,99145.8,180000.0,97.0
2025-01-21,NATIONAL,2858.451,0.0,2858.451,99145.8,180000.0,97.1
2025-01-22,NATIONAL,2871.131,0.0,2871.131,99145.8,180000.0,97.1
2025-01-23,NATIONAL,2877.111,0.0,2877.111,99145.8,180000.0,97.1
2025-01-24,NATIONAL,2920.864,0.0,2920.864,99145.8,180000.0,97.1
2025-01-25,NATIONAL,2985.42,0.0,2985.42,99145.8,180000.0,97.0
2025-01-26,NATIONAL,2988.036,0.0,2988.036,99145.8,180000.0,97.0
2025-01-27,NATIONAL,3034.606,0.0,3034.606,99145.8,180000.0,96.9
2025-01-28,NATIONAL,3043.552,0.0,3043.552,99145.8,180000.0,96.9
2025-01-29,NATIONAL,4273.292,0.0,4273.292,99145.8,180000.0,95.7
2025-01-30,NATIONAL,4403.662,0.0,4403.662,99145.8,180000.0,95.6
2025-01-31,NATIONAL,4304.405,0.0,4304.405,99145.8,180000.0,95.7
2025-02-01,NATIONAL,3184.101,0.0,3184.101,99145.8,180000.0,96.8
2025-02-02,NATIONAL,3112.261,0.0,3112.261,99145.8,180000.0,96.9
2025-02-03,NATIONAL,3098.829,0.0,3098.829,99145.8,180000.0,96.9
2025-02-04,NATIONAL,3142.079,0.0,3142.079,99145.8,180000.0,96.8
2025-02-05,NATIONAL,3163.397,0.0,3163.397,99145.8,180000.0,96.8
2025-02-06,NATIONAL,4578.689,0.0,4578.689,99145.8,180000.0,95.4
2025-02-07,NATIONAL,4553.589,0.0,4553.589,99145.8,180000.0,95.4
2025-02-08,NATIONAL,5279.387,0.0,5279.387,99145.8,180000.0,94.7
2025-02-09,NATIONAL,5722.837,0.0,5722.837,99145.8,180000.0,94.2
2025-02-10,NATIONAL,6267.079,0.0,6267.079,99145.8,180000.0,93.7
2025-02-11,NATIONAL,8525.415,0.0,8525.415,99145.8,180000.0,91.4
2025-02-12,NATIONAL,8271.502,0.0,8271.502,99145.8,180000.0,91.7
2025-02-13,NATIONAL,7858.87,0.0,7858.87,99145.8,180000.0,92.1
2025-02-14,NATIONAL,7953.778,0.0,7953.778,99145.8,180000.0,92.0
2025-02-15,NATIONAL,7685.606,0.0,7685.606,99145.8,180000.0,92.2
2025-02-16,NATIONAL,8902.497,0.0,8902.497,99145.8,180000.0,91.0
2025-02-17,NATIONAL,8723.486,0.0,8723.486,99145.8,180000.0,91.2
2025-02-18,NATIONAL,8758.697,0.0,8758.697,99145.8,180000.0,91.2
2025-02-19,NATIONAL,8783.923,0.0,8783.923,99145.8,180000.0,91.1
2025-02-20,NATIONAL,8852.258,0.0,8852.258,99145.8,180000.0,91.1
2025-02-21,NATIONAL,8799.479,0.0,8799.479,99145.8,180000.0,91.1
2025-02-22,NATIONAL,8842.482,0.0,8842.482,99145.8,180000.0,91.1
2025-02-23,NATIONAL,8792.584,0.0,8792.584,99145.8,180000.0,91.1
2025-02-24,NATIONAL,10210.32,0.0,10210.32,99145.8,180000.0,89.7
2025-02-25,NATIONAL,9790.661,0.0,9790.661,99145.8,180000.0,90.1
2025-02-26,NATIONAL,10046.764,0.0,10046.764,99145.8,180000.0,89.9
2025-02-27,NATIONAL,10173.839,0.0,10173.839,99145.8,180000.0,89.7
2025-02-28,NATIONAL,11010.483,0.0,11010.483,99145.8,180000.0,88.9
2025-03-01,NATIONAL,11401.578,0.0,11401.578,99145.8,180000.0,88.5
2025-03-02,NATIONAL,12711.871,0.0,12711.871,99145.8,180000.0,87.2
2025-03-03,NATIONAL,11424.555,0.0,11424.555,99145.8,180000.0,88.5
2025-03-04,NATIONAL,11671.207,0.0,11671.207,99145.8,180000.0,88.2
2025-03-05,NATIONAL,12380.68,0.0,12380.68,99145.8,180000.0,87.5
2025-03-06,NATIONAL,13091.8,0.0,13091.8,99145.8,180000.0,86.8
2025-03-07,NATIONAL,12511.24,0.0,12511.24,99145.8,180000.0,87.4
2025-03-08,NATIONAL,13045.086,0.0,13045.086,99145.8,180000.0,86.8
2025-03-09,NATIONAL,12603.644,0.0,12603.644,99145.8,180000.0,87.3
2025-03-10,NATIONAL,13064.54,0.0,13064.54,99145.8,180000.0,86.8
2025-03-11,NATIONAL,13219.871,0.0,13219.871,99145.8,180000.0,86.7
2025-03-12,NATIONAL,12549.893,0.0,12549.893,99145.8,180000.0,87.3
2025-03-13,NATIONAL,12548.447,0.0,12548.447,99145.8,180000.0,87.3
2025-03-14,NATIONAL,12595.198,0.0,12595.198,99145.8,180000.0,87.3
2025-03-15,NATIONAL,13208.168,0.0,13208.168,99145.8,180000.0,86.7
2025-03-16,NATIONAL,12890.636,0.0,12890.636,99145.8,180000.0,87.0
2025-03-17,NATIONAL,14370.724,0.0,14370.724,99145.8,180000.0,85.5
2025-03-18,NATIONAL,14132.281,0.0,14132.281,99145.8,180000.0,85.7
2025-03-19,NATIONAL,13979.948,0.0,13979.948,99145.8,180000.0,85.9
2025-03-20,NATIONAL,14851.095,0.0,14851.095,99145.8,180000.0,85.0
2025-03-21,NATIONAL,15082.958,0.0,15082.958,99145.8,180000.0,84.8
2025-03-22,NATIONAL,17488.286,0.0,17488.286,99145.8,180000.0,82.4
2025-03-23,NATIONAL,16616.759,0.0,16616.759,99145.8,180000.0,83.2
2025-03-24,NATIONAL,18079.974,0.0,18079.974,99145.8,180000.0,81.8
2025-03-25,NATIONAL,18115.655,0.0,18115.655,99145.8,180000.0,81.7
2025-03-26,NATIONAL,18463.665,0.0,18463.665,99145.8,180000.0,81.4
2025-03-27,NATIONAL,18919.144,0.0,18919.144,99145.8,180000.0,80.9
2025-03-28,NATIONAL,18836.168,0.0,18836.168,99145.8,180000.0,81.0
2025-03-29,NATIONAL,21422.261,0.0,21422.261,99145.8,180000.0,78.4
2025-03-30,NATIONAL,20822.777,0.0,20822.777,99145.8,180000.0,79.0
2025-03-31,NATIONAL,19715.679,0.0,19715.679,99145.8,180000.0,80.1
2025-04-01,NATIONAL,18949.57,0.0,18949.57,96834.2,180000.0,80.4
2025-04-02,NATIONAL,18824.739,0.0,18824.739,96834.2,180000.0,80.6
2025-04-03,NATIONAL,17965.578,0.0,17965.578,96834.2,180000.0,81.4
2025-04-04,NATIONAL,17117.451,0.0,17117.451,96834.2,180000.0,82.3
2025-04-05,NATIONAL,16124.74,0.0,16124.74,96834.2,180000.0,83.3
2025-04-06,NATIONAL,15664.642,0.0,15664.642,96834.2,180000.0,83.8
2025-04-07,NATIONAL,14567.044,0.0,14567.044,96834.2,180000.0,85.0
2025-04-08,NATIONAL,13992.845,0.0,13992.845,96834.2,180000.0,85.5
2025-04-09,NATIONAL,14330.223,,14330.223,96834.2,,85.2
2025-04-10,NATIONAL,14628.864,,14628.864,96834.2,,84.9
2025-04-11,NATIONAL,15868.057,,15868.057,96834.2,,83.6
2025-04-12,NATIONAL,18028.859,,18028.859,96834.2,,81.4
2025-04-13,NATIONAL,18234.372,,18234.372,96834.2,,81.2
2025-04-14,NATIONAL,19270.212,,19270.212,96834.2,,80.1
2025-04-15,NATIONAL,19381.853,,19381.853,96834.2,,80.0
2025-04-16,NATIONAL,19100.318,,19100.318,96834.2,,80.3
2025-04-17,NATIONAL,18826.5,,18826.5,96834.2,,80.6
2025-04-18,NATIONAL,18223.715,,18223.715,96834.2,,81.2
2025-04-19,NATIONAL,18452.51,,18452.51,96834.2,,80.9
2025-04-20,NATIONAL,18426.46,,18426.46,96834.2,,81.0
2025-04-21,NATIONAL,19324.33,,19324.33,96834.2,,80.0
2025-04-22,NATIONAL,18214.07,,18214.07,96834.2,,81.2
2025-04-23,NATIONAL,18301.487,,18301.487,96834.2,,81.1
2025-04-24,NATIONAL,18336.614,,18336.614,96834.2,,81.1
2025-04-25,NATIONAL,17293.363,,17293.363,96834.2,,82.1
2025-04-26,NATIONAL,19568.548,,19568.548,96834.2,,79.8
2025-04-27,NATIONAL,18999.852,,18999.852,96834.2,,80.4
2025-04-28,NATIONAL,19232.21,,19232.21,96834.2,,80.1
2025-04-29,NATIONAL,19220.71,,19220.71,96834.2,,80.2
2025-04-30,NATIONAL,19111.34,,19111.34,96834.2,,80.3
2025-05-01,NATIONAL,18959.78,,18959.78,96880.2,,80.4
2025-05-02,NATIONAL,18408.639,,18408.639,96880.2,,81.0
2025-05-03,NATIONAL,17904.255,,17904.255,96880.2,,81.5
2025-05-04,NATIONAL,17366.449,,17366.449,96880.2,,82.1
2025-05-05,NATIONAL,17146.839,,17146.839,96880.2,,82.3
2025-05-06,NATIONAL,16921.9,,16921.9,96880.2,,82.5
2025-05-07,NATIONAL,16914.31,,16914.31,96880.2,,82.5
2025-05-08,NATIONAL,16906.72,,16906.72,96880.2,,82.5
2025-05-09,NATIONAL,16906.72,,16906.72,96880.2,,82.5
2025-05-10,NATIONAL,17511.111,,17511.111,96880.2,,81.9
2025-05-11,NATIONAL,16747.16,,16747.16,96880.2,,82.7
2025-05-12,NATIONAL,16122.06,,16122.06,96880.2,,83.4
2025-05-13,NATIONAL,16612.97,,16612.97,96880.2,,82.9
2025-05-14,NATIONAL,16164.08,,16164.08,96880.2,,83.3
2025-05-15,NATIONAL,14854.6,,14854.6,96880.2,,84.7
2025-05-16,NATIONAL,14160.649,,14160.649,96880.2,,85.4
2025-05-17,NATIONAL,14785.169,,14785.169,96880.2,,84.7
2025-05-18,NATIONAL,13738.358,,13738.358,96880.2,,85.8
2025-05-19,NATIONAL,11719.646,,11719.646,96880.2,,87.9
2025-05-20,NATIONAL,13005.96,,13005.96,96880.2,,86.6
2025-05-21,NATIONAL,12835.06,,12835.06,96880.2,,86.8
2025-05-22,NATIONAL,13660.288,,13660.288,96880.2,,85.9
2025-05-23,NATIONAL,13336.936,,13336.936,96880.2,,86.2
2025-05-24,NATIONAL,13356.422,,13356.422,96880.2,,86.2
2025-05-25,NATIONAL,12821.488,,12821.488,96880.2,,86.8
2025-05-26,NATIONAL,12498.871,,12498.871,96880.2,,87.1
2025-05-27,NATIONAL,11568.05,,11568.05,96880.2,,88.1
2025-05-28,NATIONAL,10771.879,,10771.879,96880.2,,88.9
2025-05-29,NATIONAL,12266.526,,12266.526,96880.2,,87.3
2025-05-30,NATIONAL,11386.01,,11386.01,96880.2,,88.2
2025-05-31,NATIONAL,11359.047,,11359.047,96880.2,,88.3
2025-06-01,NATIONAL,9744.976,,9744.976,96880.2,,89.9
2025-06-02,NATIONAL,8674.63,,8674.63,96880.2,,91.0
2025-06-03,NATIONAL,9670.618,,9670.618,96880.2,,90.0
2025-06-04,NATIONAL,8814.834,,8814.834,96880.2,,90.9
2025-06-05,NATIONAL,7908.63,,7908.63,96880.2,,91.8
2025-06-06,NATIONAL,7829.998,,7829.998,96880.2,,91.9
2025-06-07,NATIONAL,6030.815,,6030.815,96880.2,,93.8
2025-06-08,NATIONAL,6974.538,,6974.538,96880.2,,92.8
2025-06-09,NATIONAL,6230.884,,6230.884,96880.2,,93.6
2025-06-10,NATIONAL,4887.586,,4887.586,96880.2,,95.0
2025-06-11,NATIONAL,4804.467,,4804.467,96880.2,,95.0
2025-06-12,NATIONAL,4489.638,,4489.638,96880.2,,95.4
2025-06-13,NATIONAL,3760.952,,3760.952,96880.2,,96.1
2025-06-14,NATIONAL,4040.447,,4040.447,96880.2,,95.8
2025-06-15,NATIONAL,3702.009,,3702.009,96880.2,,96.2
2025-06-16,NATIONAL,3490.293,,3490.293,96880.2,,96.4
2025-06-17,NATIONAL,3561.403,,3561.403,96880.2,,96.3
2025-06-18,NATIONAL,4603.193,,4603.193,96880.2,,95.2
2025-06-19,NATIONAL,4344.265,,4344.265,96880.2,,95.5
2025-06-20,NATIONAL,4650.721,,4650.721,96880.2,,95.2
2025-06-21,NATIONAL,3381.23,,3381.23,96880.2,,96.5
2025-06-22,NATIONAL,3535.294,,3535.294,96880.2,,96.4
2025-06-23,NATIONAL,4174.065,,4174.065,96880.2,,95.7
2025-06-24,NATIONAL,6489.216,,6489.216,96880.2,,93.3
2025-06-25,NATIONAL,5723.561,,5723.561,96880.2,,94.1
2025-06-26,NATIONAL,5538.751,,5538.751,96880.2,,94.3
2025-06-27,NATIONAL,3802.581,,3802.581,96880.2,,96.1
2025-06-28,NATIONAL,5009.191,,5009.191,96880.2,,94.8
2025-06-29,NATIONAL,4184.241,,4184.241,96880.2,,95.7
2025-06-30,NATIONAL,3179.71,,3179.71,96880.2,,96.7
2025-07-01,NATIONAL,2229.455,,2229.455,96880.2,,97.7
2025-07-02,NATIONAL,1788.695,,1788.695,96880.2,,98.2
2025-07-03,NATIONAL,1509.845,,1509.845,96880.2,,98.4
2025-07-04,NATIONAL,1405.566,,1405.566,96880.2,,98.5
2025-07-05,NATIONAL,1951.126,,1951.126,96880.2,,98.0
2025-07-06,NATIONAL,1881.045,,1881.045,96880.2,,98.1
2025-07-07,NATIONAL,1299.72,,1299.72,96880.2,,98.7
2025-07-08,NATIONAL,1268.669,,1268.669,96880.2,,98.7
2025-07-09,NATIONAL,718.526,,718.526,96880.2,,99.3
2025-07-10,NATIONAL,360.06,,360.06,96880.2,,99.6
2025-07-11,NATIONAL,1921.535,,1921.535,96880.2,,98.0
2025-07-12,NATIONAL,2194.34,,2194.34,96880.2,,97.7
2025-07-13,NATIONAL,1674.573,,1674.573,96880.2,,98.3
2025-07-14,NATIONAL,2603.981,,2603.981,96880.2,,97.3
2025-07-15,NATIONAL,2277.571,,2277.571,96880.2,,97.6
2025-07-16,NATIONAL,1915.66,,1915.66,96880.2,,98.0
2025-07-17,NATIONAL,1570.202,,1570.202,96880.2,,98.4
2025-07-18,NATIONAL,741.211,,741.211,96880.2,,99.2
2025-07-19,NATIONAL,1001.142,,1001.142,96880.2,,99.0
2025-07-20,NATIONAL,823.26,,823.26,96880.2,,99.2
2025-07-21,NATIONAL,676.03,,676.03,96880.2,,99.3
2025-07-22,NATIONAL,961.189,,961.189,96880.2,,99.0
2025-07-23,NATIONAL,2080.159,,2080.159,96880.2,,97.9
2025-07-24,NATIONAL,1396.249,,1396.249,96880.2,,98.6
2025-07-25,NATIONAL,1260.779,,1260.779,96880.2,,98.7
2025-07-26,NATIONAL,786.919,,786.919,96880.2,,99.2
2025-07-27,NATIONAL,336.248,,336.248,96880.2,,99.7
2025-07-28,NATIONAL,332.628,,332.628,96880.2,,99.7
2025-07-29,NATIONAL,885.558,,885.558,96880.2,,99.1
2025-07-30,NATIONAL,944.377,,944.377,96880.2,,99.0
2025-07-31,NATIONAL,1995.567,,1995.567,96880.2,,97.9
2025-08-01,NATIONAL,2746.966,,2746.966,96880.2,,97.2
2025-08-02,NATIONAL,3281.676,,3281.676,96880.2,,96.6
2025-08-03,NATIONAL,2757.226,,2757.226,96880.2,,97.2
2025-08-04,NATIONAL,2250.474,,2250.474,96880.2,,97.7
2025-08-05,NATIONAL,2593.306,,2593.306,96880.2,,97.3
2025-08-06,NATIONAL,2077.407,,2077.407,96880.2,,97.9
2025-08-07,NATIONAL,3038.72,,3038.72,96880.2,,96.9
2025-08-08,NATIONAL,2916.112,,2916.112,96880.2,,97.0
2025-08-09,NATIONAL,3418.939,,3418.939,96880.2,,96.5
2025-08-10,NATIONAL,3366.854,,3366.854,96880.2,,96.5
2025-08-11,NATIONAL,2856.102,,2856.102,96880.2,,97.1
2025-08-12,NATIONAL,1559.722,,1559.722,96880.2,,98.4
2025-08-13,NATIONAL,2726.647,,2726.647,96880.2,,97.2
2025-08-14,NATIONAL,2363.624,,2363.624,96880.2,,97.6
2025-08-15,NATIONAL,3339.551,,3339.551,96880.2,,96.6
2025-08-16,NATIONAL,2108.143,,2108.143,96880.2,,97.8
2025-08-17,NATIONAL,2096.422,,2096.422,96880.2,,97.8
2025-08-18,NATIONAL,1819.104,,1819.104,96880.2,,98.1
2025-08-19,NATIONAL,1246.714,,1246.714,96880.2,,98.7
2025-08-20,NATIONAL,485.555,,485.555,96880.2,,99.5
2025-08-21,NATIONAL,638.103,,638.103,96880.2,,99.3
2025-08-22,NATIONAL,609.909,,609.909,96880.2,,99.4
2025-08-23,NATIONAL,632.795,,632.795,96880.2,,99.3
2025-08-24,NATIONAL,1067.335,,1067.335,96880.2,,98.9
2025-08-25,NATIONAL,537.305,,537.305,96880.2,,99.4
2025-08-26,NATIONAL,441.331,,441.331,96880.2,,99.5
2025-08-27,NATIONAL,520.255,,520.255,96880.2,,99.5
2025-08-28,NATIONAL,653.167,,653.167,96880.2,,99.3
2025-08-29,NATIONAL,530.227,,530.227,96880.2,,99.5
2025-08-30,NATIONAL,629.738,,629.738,96880.2,,99.3
2025-08-31,NATIONAL,1490.932,,1490.932,96880.2,,98.5
2025-09-01,NATIONAL,1088.127,,1088.127,96880.2,,98.9
2025-09-02,NATIONAL,1130.765,,1130.765,96880.2,,98.8
2025-09-03,NATIONAL,2859.0,,2859.0,96880.2,,97.0
2025-09-04,NATIONAL,3717.114,,3717.114,96880.2,,96.2
2025-09-05,NATIONAL,2924.298,,2924.298,96880.2,,97.0
2025-09-06,NATIONAL,3807.15,,3807.15,96880.2,,96.1
2025-09-07,NATIONAL,5964.967,,5964.967,96880.2,,93.8
2025-09-08,NATIONAL,5397.489,,5397.489,96880.2,,94.4
2025-09-09,NATIONAL,6035.066,,6035.066,97648.7,,93.8
2025-09-10,NATIONAL,5322.406,,5322.406,97648.7,,94.5
2025-09-11,NATIONAL,5331.356,,5331.356,97648.7,,94.5
2025-09-12,NATIONAL,5373.832,,5373.832,97648.7,,94.5
2025-09-13,NATIONAL,5463.814,,5463.814,97648.7,,94.4
2025-09-14,NATIONAL,6348.14,,6348.14,97648.7,,93.5
2025-09-15,NATIONAL,7524.4,,7524.4,97648.7,,92.3
2025-09-16,NATIONAL,7628.753,,7628.753,97648.7,,92.2
2025-09-17,NATIONAL,7965.101,,7965.101,97648.7,,91.8
2025-09-18,NATIONAL,7750.509,,7750.509,97648.7,,92.1
2025-09-19,NATIONAL,7399.918,,7399.918,97648.7,,92.4
2025-09-20,NATIONAL,8527.806,,8527.806,97648.7,,91.3
2025-09-21,NATIONAL,7810.122,,7810.122,97648.7,,92.0
2025-09-22,NATIONAL,7788.358,,7788.358,97648.7,,92.0
2025-09-23,NATIONAL,8472.695,,8472.695,97648.7,,91.3
2025-09-24,NATIONAL,8357.196,,8357.196,97648.7,,91.4
2025-09-25,NATIONAL,10510.417,,10510.417,97648.7,,89.2
2025-09-26,NATIONAL,11227.612,,11227.612,97648.7,,88.5
2025-09-27,NATIONAL,11454.144,,11454.144,97648.7,,88.3
2025-09-28,NATIONAL,10788.505,,10788.505,97648.7,,89.0
2025-09-29,NATIONAL,10401.953,,10401.953,97648.7,,89.3
2025-09-30,NATIONAL,10094.014,,10094.014,97648.7,,89.7
2025-10-01,NATIONAL,10321.564,,10321.564,100032.4,,89.7
2025-10-02,NATIONAL,11479.33,,11479.33,100032.4,,88.5
2025-10-03,NATIONAL,11509.899,,11509.899,100032.4,,88.5
2025-10-04,NATIONAL,18071.877,,18071.877,100032.4,,81.9
2025-10-05,NATIONAL,18643.885,,18643.885,100032.4,,81.4
2025-10-06,NATIONAL,18762.677,,18762.677,100032.4,,81.2
2025-10-07,NATIONAL,18470.473,,18470.473,100032.4,,81.5
2025-10-08,NATIONAL,17838.775,,17838.775,100032.4,,82.2
2025-10-09,NATIONAL,18241.081,,18241.081,100032.4,,81.8
2025-10-10,NATIONAL,18926.325,,18926.325,100032.4,,81.1
2025-10-11,NATIONAL,19896.347,,19896.347,100032.4,,80.1
2025-10-12,NATIONAL,20730.042,,20730.042,100032.4,,79.3
2025-10-13,NATIONAL,21206.723,,21206.723,100032.4,,78.8
2025-10-14,NATIONAL,20942.792,,20942.792,100032.4,,79.1
2025-10-15,NATIONAL,21669.86,,21669.86,100032.4,,78.3
2025-10-16,NATIONAL,21667.759,,21667.759,100032.4,,78.3
2025-10-17,NATIONAL,22760.247,,22760.247,100032.4,,77.2
2025-10-18,NATIONAL,22365.569,,22365.569,100032.4,,77.6
2025-10-19,NATIONAL,21622.702,,21622.702,100032.4,,78.4
2025-10-20,NATIONAL,21305.854,,21305.854,100032.4,,78.7
2025-10-21,NATIONAL,21078.294,,21078.294,100032.4,,78.9
2025-10-22,NATIONAL,21794.732,,21794.732,100032.4,,78.2
2025-10-23,NATIONAL,22764.39,,22764.39,100032.4,,77.2
2025-10-24,NATIONAL,22341.147,,22341.147,100032.4,,77.7
2025-10-25,NATIONAL,20811.892,,20811.892,100032.4,,79.2
2025-10-26,NATIONAL,19764.997,,19764.997,100032.4,,80.2
2025-10-27,NATIONAL,19400.448,,19400.448,100032.4,,80.6
2025-10-28,NATIONAL,19102.048,,19102.048,100032.4,,80.9
2025-10-29,NATIONAL,19948.772,,19948.772,100032.4,,80.1
2025-10-30,NATIONAL,19727.412,,19727.412,100032.4,,80.3
2025-10-31,NATIONAL,18971.726,,18971.726,100032.4,,81.0
2025-11-01,NATIONAL,16973.959,,16973.959,100032.4,,83.0
2025-11-02,NATIONAL,17352.056,,17352.056,100032.4,,82.7
2025-11-03,NATIONAL,17839.095,,17839.095,100032.4,,82.2
2025-11-04,NATIONAL,16721.366,,16721.366,100032.4,,83.3
2025-11-05,NATIONAL,14814.756,,14814.756,100032.4,,85.2
2025-11-06,NATIONAL,13076.949,,13076.949,100032.4,,86.9
2025-11-07,NATIONAL,11574.397,,11574.397,100032.4,,88.4
2025-11-08,NATIONAL,11484.444,,11484.444,100032.4,,88.5
2025-11-09,NATIONAL,10841.248,,10841.248,100032.4,,89.2
2025-11-10,NATIONAL,9798.533,,9798.533,100032.4,,90.2
2025-11-11,NATIONAL,9954.426,,9954.426,100032.4,,90.0
2025-11-12,NATIONAL,11043.207,,11043.207,100032.4,,89.0
2025-11-13,NATIONAL,13269.029,,13269.029,100032.4,,86.7
2025-11-14,NATIONAL,14237.718,,14237.718,100032.4,,85.8
2025-11-15,NATIONAL,13642.801,,13642.801,100032.4,,86.4
2025-11-16,NATIONAL,13257.279,,13257.279,100032.4,,86.7
2025-11-17,NATIONAL,13279.81,,13279.81,100032.4,,86.7
2025-11-18,NATIONAL,11479.163,,11479.163,100032.4,,88.5
2025-11-19,NATIONAL,10970.091,,10970.091,100032.4,,89.0
2025-11-20,NATIONAL,9532.077,,9532.077,100032.4,,90.5
2025-11-21,NATIONAL,8897.508,,8897.508,100032.4,,91.1
2025-11-22,NATIONAL,10235.35,,10235.35,100032.4,,89.8
2025-11-23,NATIONAL,9656.669,,9656.669,100032.4,,90.3
2025-11-24,NATIONAL,9743.581,,9743.581,100032.4,,90.3
2025-11-25,NATIONAL,8918.412,,8918.412,100032.4,,91.1
2025-11-26,NATIONAL,8180.096,,8180.096,100032.4,,91.8
2025-11-27,NATIONAL,7375.437,,7375.437,100032.4,,92.6
2025-11-28,NATIONAL,7135.185,,7135.185,100032.4,,92.9
2025-11-29,NATIONAL,6720.645,,6720.645,100032.4,,93.3
2025-11-30,NATIONAL,6636.277,,6636.277,100032.4,,93.4
2025-12-01,NATIONAL,5071.803,,5071.803,100032.4,,94.9
2025-12-02,NATIONAL,4936.749,,4936.749,100032.4,,95.1
2025-12-03,NATIONAL,4643.803,,4643.803,100032.4,,95.4
2025-12-04,NATIONAL,4685.445,,4685.445,100032.4,,95.3
2025-12-05,NATIONAL,3937.35,,3937.35,100032.4,,96.1
2025-12-06,NATIONAL,3954.672,,3954.672,100032.4,,96.0
2025-12-07,NATIONAL,2877.568,,2877.568,100032.4,,97.1
2025-12-08,NATIONAL,2042.15,,2042.15,100032.4,,98.0
2025-12-09,NATIONAL,1918.29,,1918.29,100032.4,,98.1
2025-12-10,NATIONAL,1907.128,,1907.128,100032.4,,98.1
2025-12-11,NATIONAL,2044.298,,2044.298,100032.4,,98.0
2025-12-12,NATIONAL,2792.083,,2792.083,100032.4,,97.2
2025-12-13,NATIONAL,3712.449,,3712.449,100032.4,,96.3
2025-12-14,NATIONAL,2807.269,,2807.269,100032.4,,97.2
2025-12-15,NATIONAL,2708.777,,2708.777,100032.4,,97.3
2025-12-16,NATIONAL,2056.998,,2056.998,100032.4,,97.9
2025-12-17,NATIONAL,3250.216,,3250.216,100032.4,,96.8
2025-12-18,NATIONAL,3140.938,,3140.938,100032.4,,96.9
2025-12-19,NATIONAL,2455.517,,2455.517,100032.4,,97.5
2025-12-20,NATIONAL,1971.597,,1971.597,100032.4,,98.0
2025-12-21,NATIONAL,2028.497,,2028.497,100032.4,,98.0
2025-12-22,NATIONAL,2146.627,,2146.627,100032.4,,97.9
2025-12-23,NATIONAL,1998.047,,1998.047,100032.4,,98.0
2025-12-24,NATIONAL,1888.845,,1888.845,100032.4,,98.1
2025-12-25,NATIONAL,1877.774,,1877.774,100032.4,,98.1
2025-12-26,NATIONAL,1890.75,,1890.75,100032.4,,98.1
2025-12-27,NATIONAL,1921.73,,1921.73,100032.4,,98.1
2025-12-28,NATIONAL,1946.394,,1946.394,100032.4,,98.1
2025-12-29,NATIONAL,2952.076,,2952.076,100032.4,,97.0
2025-12-30,NATIONAL,4062.356,,4062.356,100032.4,,95.9
2025-12-31,NATIONAL,3736.606,,3736.606,100032.4,,96.3
2026-01-01,NATIONAL,2922.358,,2922.358,100013.0,,97.1
2026-01-02,NATIONAL,2285.753,,2285.753,100013.0,,97.7
2026-01-03,NATIONAL,2257.478,,2257.478,100013.0,,97.7
2026-01-04,NATIONAL,2092.843,,2092.843,100013.0,,97.9
2026-01-05,NATIONAL,1484.583,,1484.583,100013.0,,98.5
2026-01-06,NATIONAL,1086.163,,1086.163,100013.0,,98.9
2026-01-07,NATIONAL,1351.742,,1351.742,100013.0,,98.6
2026-01-08,NATIONAL,1389.71,,1389.71,100013.0,,98.6
2026-01-09,NATIONAL,1410.277,,1410.277,100013.0,,98.6
2026-01-10,NATIONAL,1732.603,,1732.603,100013.0,,98.3
2026-01-11,NATIONAL,1228.674,,1228.674,100013.0,,98.8
2026-01-12,NATIONAL,1155.388,,1155.388,100013.0,,98.8
2026-01-13,NATIONAL,1946.95,,1946.95,100013.0,,98.1
2026-01-14,NATIONAL,1815.316,,1815.316,100013.0,,98.2
2026-01-15,NATIONAL,1839.396,,1839.396,100013.0,,98.2
2026-01-16,NATIONAL,2107.732,,2107.732,100013.0,,97.9
2026-01-17,NATIONAL,1944.044,,1944.044,100013.0,,98.1
2026-01-18,NATIONAL,3150.514,,3150.514,100013.0,,96.8
2026-01-19,NATIONAL,3162.124,,3162.124,100013.0,,96.8
2026-01-20,NATIONAL,3184.344,,3184.344,100013.0,,96.8
2026-01-21,NATIONAL,2790.324,,2790.324,100013.0,,97.2
2026-01-22,NATIONAL,2109.692,,2109.692,100013.0,,97.9
2026-01-23,NATIONAL,2027.972,,2027.972,100013.0,,98.0
2026-01-24,NATIONAL,2075.612,,2075.612,100013.0,,97.9
2026-01-25,NATIONAL,2064.002,,2064.002,100013.0,,97.9
2026-01-26,NATIONAL,2111.561,,2111.561,100013.0,,97.9
2026-01-27,NATIONAL,2207.02,,2207.02,100013.0,,97.8
2026-01-28,NATIONAL,2169.516,,2169.516,100013.0,,97.8
2026-01-29,NATIONAL,2202.405,,2202.405,100013.0,,97.8
2026-01-30,NATIONAL,2205.245,,2205.245,100013.0,,97.8
2026-01-31,NATIONAL,3243.73,,3243.73,100013.0,,96.8
2026-02-01,NATIONAL,3289.202,,3289.202,100035.2,,96.7
2026-02-02,NATIONAL,3173.102,,3173.102,100035.2,,96.8
2026-02-03,NATIONAL,3701.631,,3701.631,100035.2,,96.3
2026-02-04,NATIONAL,4066.757,,4066.757,100035.2,,95.9
2026-02-05,NATIONAL,5080.325,,5080.325,100035.2,,94.9
2026-02-06,NATIONAL,5254.123,,5254.123,100035.2,,94.7
2026-02-07,NATIONAL,5413.598,,5413.598,100035.2,,94.6
2026-02-08,NATIONAL,5142.175,,5142.175,100035.2,,94.9
2026-02-09,NATIONAL,5130.842,,5130.842,100035.2,,94.9
2026-02-10,NATIONAL,5092.146,,5092.146,100035.2,,94.9
2026-02-11,NATIONAL,5217.105,,5217.105,100035.2,,94.8
2026-02-12,NATIONAL,5202.655,,5202.655,100035.2,,94.8
2026-02-13,NATIONAL,5829.508,,5829.508,100035.2,,94.2
2026-02-14,NATIONAL,7887.121,,7887.121,100035.2,,92.1
2026-02-15,NATIONAL,7153.633,,7153.633,100035.2,,92.8
2026-02-16,NATIONAL,8004.021,,8004.021,100035.2,,92.0
2026-02-17,NATIONAL,7751.152,,7751.152,100035.2,,92.3
2026-02-18,NATIONAL,7292.319,,7292.319,100035.2,,92.7
2026-02-19,NATIONAL,6762.491,,6762.491,100035.2,,93.2
2026-02-20,NATIONAL,6793.205,,6793.205,100035.2,,93.2
2026-02-21,NATIONAL,9389.738,,9389.738,100035.2,,90.6
2026-02-22,NATIONAL,10365.129,,10365.129,100035.2,,89.6
2026-02-23,NATIONAL,11810.153,,11810.153,100035.2,,88.2
2026-02-24,NATIONAL,11077.578,,11077.578,100035.2,,88.9
2026-02-25,NATIONAL,11255.309,,11255.309,100035.2,,88.7
2026-02-26,NATIONAL,12166.808,,12166.808,100035.2,,87.8
2026-02-27,NATIONAL,12213.532,,12213.532,100035.2,,87.8
2026-02-28,NATIONAL,13441.716,,13441.716,100035.2,,86.6
2026-03-01,NATIONAL,13724.1,,13724.1,100013.2,,86.3
2026-03-02,NATIONAL,14696.105,,14696.105,100013.2,,85.3
2026-03-03,NATIONAL,14543.493,,14543.493,100013.2,,85.5
2026-03-04,NATIONAL,13153.554,,13153.554,100013.2,,86.8
2026-03-05,NATIONAL,13333.968,,13333.968,100013.2,,86.7
2026-03-06,NATIONAL,13111.077,,13111.077,100013.2,,86.9
2026-03-07,NATIONAL,14024.852,,14024.852,100013.2,,86.0
2026-03-08,NATIONAL,13438.55,,13438.55,100013.2,,86.6
2026-03-09,NATIONAL,14126.43,,14126.43,100013.2,,85.9
2026-03-10,NATIONAL,13790.276,,13790.276,100013.2,,86.2
2026-03-11,NATIONAL,13156.936,,13156.936,100013.2,,86.8
2026-03-12,NATIONAL,13193.585,,13193.585,100013.2,,86.8
2026-03-13,NATIONAL,13215.974,,13215.974,100013.2,,86.8
2026-03-14,NATIONAL,16258.542,,16258.542,100013.2,,83.7
2026-03-15,NATIONAL,15757.473,,15757.473,100013.2,,84.2
2026-03-16,NATIONAL,14922.02,,14922.02,100013.2,,85.1
2026-03-17,NATIONAL,14543.305,,14543.305,100013.2,,85.5
2026-03-18,NATIONAL,14598.586,,14598.586,100013.2,,85.4
2026-03-19,NATIONAL,14640.4,,14640.4,100013.2,,85.4
2026-03-20,NATIONAL,15916.108,,15916.108,100013.2,,84.1
2026-03-21,NATIONAL,18238.763,,18238.763,100013.2,,81.8
2026-03-22,NATIONAL,18435.256,,18435.256,100013.2,,81.6
2026-03-23,NATIONAL,20499.657,,20499.657,100013.2,,79.5
2026-03-24,NATIONAL,19768.101,,19768.101,100013.2,,80.2
2026-03-25,NATIONAL,19755.669,,19755.669,100013.2,,80.2
2026-03-26,NATIONAL,19738.455,,19738.455,100013.2,,80.3
2026-03-27,NATIONAL,19357.673,,19357.673,100013.2,,80.6
2026-03-28,NATIONAL,19156.555,,19156.555,100013.2,,80.8
2026-03-29,NATIONAL,18696.299,,18696.299,100013.2,,81.3
2026-03-30,NATIONAL,18388.444,,18388.444,100013.2,,81.6
2026-03-31,NATIONAL,19056.084,,19056.084,100013.2,,80.9
2026-04-01,NATIONAL,18712.855,,18712.855,97621.1,,80.8
2026-04-02,NATIONAL,17658.061,,17658.061,97621.1,,81.9
2026-04-03,NATIONAL,17548.76,,17548.76,97621.1,,82.0
2026-04-04,NATIONAL,16816.297,,16816.297,97621.1,,82.8
2026-04-05,NATIONAL,18865.221,,18865.221,97621.1,,80.7
2026-04-06,NATIONAL,17995.113,,17995.113,97621.1,,81.6
2026-04-07,NATIONAL,18353.134,,18353.134,97621.1,,81.2
2026-04-08,NATIONAL,18801.678,,18801.678,97621.1,,80.7
2026-04-09,NATIONAL,18551.777,,18551.777,97621.1,,81.0
2026-04-10,NATIONAL,18386.548,,18386.548,97621.1,,81.2
2026-04-11,NATIONAL,18830.723,,18830.723,97621.1,,80.7
2026-04-12,NATIONAL,19056.738,,19056.738,97621.1,,80.5
2026-04-13,NATIONAL,19581.131,,19581.131,97621.1,,79.9
2026-04-14,NATIONAL,19213.112,,19213.112,97621.1,,80.3
2026-04-15,NATIONAL,19320.393,,19320.393,97621.1,,80.2
2026-04-16,NATIONAL,17364.667,,17364.667,97621.1,,82.2
2026-04-17,NATIONAL,18372.226,,18372.226,97621.1,,81.2
2026-04-18,NATIONAL,21660.299,,21660.299,97621.1,,77.8
2026-04-19,NATIONAL,21293.652,,21293.652,97621.1,,78.2
2026-04-20,NATIONAL,22174.962,,22174.962,97621.1,,77.3
2026-04-21,NATIONAL,21840.434,,21840.434,97621.1,,77.6
2026-04-22,NATIONAL,22087.734,,22087.734,97621.1,,77.4
2026-04-23,NATIONAL,21873.597,,21873.597,97621.1,,77.6
2026-04-24,NATIONAL,21152.507,,21152.507,97621.1,,78.3
2026-04-25,NATIONAL,19817.168,,19817.168,97621.1,,79.7
2026-04-26,NATIONAL,18896.136,,18896.136,97621.1,,80.6
2026-04-27,NATIONAL,19649.811,,19649.811,97621.1,,79.9
2026-04-28,NATIONAL,19966.363,,19966.363,97621.1,,79.5
2026-04-29,NATIONAL,19450.684,,19450.684,97621.1,,80.1
2026-04-30,NATIONAL,19417.388,,19417.388,97621.1,,80.1
2026-05-01,NATIONAL,17931.515,,17931.515,97621.1,,81.6
2026-05-02,NATIONAL,18215.546,,18215.546,97621.1,,81.3
2026-05-03,NATIONAL,17791.188,,17791.188,97621.1,,81.8
2026-05-04,NATIONAL,18170.233,,18170.233,97621.1,,81.4
2026-05-05,NATIONAL,17971.118,,17971.118,97621.1,,81.6
2026-05-06,NATIONAL,18092.463,,18092.463,97621.1,,81.5
2026-05-07,NATIONAL,16956.073,,16956.073,97621.1,,82.6
2026-05-08,NATIONAL,14797.104,,14797.104,97621.1,,84.8
2026-05-09,NATIONAL,14483.109,,14483.109,97621.1,,85.2
2026-05-10,NATIONAL,13587.736,,13587.736,97621.1,,86.1
2026-05-11,NATIONAL,14069.543,,14069.543,97621.1,,85.6
2026-05-12,NATIONAL,14074.143,,14074.143,97621.1,,85.6
2026-05-13,NATIONAL,14702.749,,14702.749,97621.1,,84.9
2026-05-14,NATIONAL,13803.421,,13803.421,97621.1,,85.9
2026-05-15,NATIONAL,12410.223,,12410.223,97621.1,,87.3
2026-05-16,NATIONAL,12377.018,,12377.018,97621.1,,87.3
2026-05-17,NATIONAL,10538.419,,10538.419,97621.1,,89.2
2026-05-18,NATIONAL,9247.767,,9247.767,97621.1,,90.5
2026-05-19,NATIONAL,9368.744,,9368.744,97621.1,,90.4
2026-05-20,NATIONAL,8588.607,,8588.607,97621.1,,91.2
2026-05-21,NATIONAL,6992.81,,6992.81,97621.1,,92.8
2026-05-22,NATIONAL,5875.803,,5875.803,97621.1,,94.0
2026-05-23,NATIONAL,5509.853,,5509.853,97621.1,,94.4
2026-05-24,NATIONAL,5397.858,,5397.858,97621.1,,94.5
2026-05-25,NATIONAL,5179.813,,5179.813,97621.1,,94.7
2026-05-26,NATIONAL,5910.112,,5910.112,97621.1,,93.9
2026-05-27,NATIONAL,6238.573,,6238.573,97621.1,,93.6
2026-05-28,NATIONAL,6178.473,,6178.473,97621.1,,93.7
2026-05-29,NATIONAL,6608.039,,6608.039,97621.1,,93.2
2026-05-30,NATIONAL,6077.431,,6077.431,97621.1,,93.8
2026-05-31,NATIONAL,5055.652,,5055.652,97621.1,,94.8
2026-06-01,NATIONAL,3166.284,,3166.284,97620.5,,96.8
2026-06-02,NATIONAL,3520.824,,3520.824,97620.5,,96.4
2026-06-03,NATIONAL,3154.874,,3154.874,97620.5,,96.8
2026-06-04,NATIONAL,2895.854,,2895.854,97620.5,,97.0
2026-06-05,NATIONAL,3431.394,,3431.394,97620.5,,96.5
2026-06-06,NATIONAL,3714.636,,3714.636,97620.5,,96.2
2026-06-07,NATIONAL,3412.644,,3412.644,97620.5,,96.5
2026-06-08,NATIONAL,3514.999,,3514.999,97620.5,,96.4
2026-06-09,NATIONAL,3656.839,,3656.839,97620.5,,96.3
2026-06-10,NATIONAL,3475.009,,3475.009,97620.5,,96.4
2026-06-11,NATIONAL,3532.314,,3532.314,97620.5,,96.4
2026-06-12,NATIONAL,2752.504,,2752.504,97620.5,,97.2
2026-06-13,NATIONAL,2927.505,,2927.505,97620.5,,97.0
2026-06-14,NATIONAL,2165.404,,2165.404,97620.5,,97.8
2026-06-15,NATIONAL,2025.242,,2025.242,97620.5,,97.9
2026-06-16,NATIONAL,1225.244,,1225.244,97620.5,,98.7
2026-06-17,NATIONAL,1096.774,,1096.774,97620.5,,98.9
2026-06-18,NATIONAL,2531.118,,2531.118,97620.5,,97.4
2026-06-19,NATIONAL,2449.713,,2449.713,97620.5,,97.5
2026-06-20,NATIONAL,3145.128,,3145.128,97620.5,,96.8
2026-06-21,NATIONAL,3376.468,,3376.468,97620.5,,96.5
2026-06-22,NATIONAL,2933.557,,2933.557,97620.5,,97.0
2026-06-23,NATIONAL,2487.285,,2487.285,97620.5,,97.5
2026-06-24,NATIONAL,2498.114,,2498.114,97620.5,,97.4
2026-06-25,NATIONAL,2727.9,,2727.9,97620.5,,97.2
2026-06-26,NATIONAL,3063.82,,3063.82,97620.5,,96.9
2026-06-27,NATIONAL,2873.064,,2873.064,97620.5,,97.1
2026-06-28,NATIONAL,1931.91,,1931.91,97620.5,,98.0
2026-06-29,NATIONAL,1162.575,,1162.575,97620.5,,98.8
2026-06-30,NATIONAL,1256.715,,1256.715,97620.5,,98.7
2026-07-01,NATIONAL,2326.445,,2326.445,97620.5,,97.6
2026-07-02,NATIONAL,1810.851,,1810.851,97620.5,,98.1
2026-07-03,NATIONAL,1719.13,,1719.13,97620.5,,98.2
2026-07-04,NATIONAL,2312.932,,2312.932,97620.5,,97.6
2026-07-05,NATIONAL,2177.135,,2177.135,97620.5,,97.8
2026-07-06,NATIONAL,2280.111,,2280.111,97620.5,,97.7
2026-07-07,NATIONAL,2134.42,,2134.42,97620.5,,97.8
2026-07-08,NATIONAL,2169.998,,2169.998,97620.5,,97.8
2026-07-09,NATIONAL,2114.697,,2114.697,97620.5,,97.8
2026-07-10,NATIONAL,2113.126,,2113.126,97620.5,,97.8
2026-07-11,NATIONAL,2182.607,,2182.607,97620.5,,97.8
2026-07-12,NATIONAL,2064.799,,2064.799,97620.5,,97.9
2026-07-13,NATIONAL,1517.547,,1517.547,97620.5,,98.4
2026-07-14,NATIONAL,1024.997,,1024.997,97620.5,,99.0
2026-07-15,NATIONAL,1029.437,,1029.437,97620.5,,98.9
2026-07-16,NATIONAL,1150.01,,1150.01,97620.5,,98.8
2026-07-17,NATIONAL,1074.218,,1074.218,97620.5,,98.9
2026-07-18,NATIONAL,2143.54,,2143.54,97620.5,,97.8
2026-07-19,NATIONAL,2070.64,,2070.64,97620.5,,97.9
2026-07-20,NATIONAL,1410.477,,1410.477,97620.5,,98.6
2026-07-21,NATIONAL,1029.037,,1029.037,97620.5,,98.9
2026-07-22,NATIONAL,951.837,,951.837,97620.5,,99.0
2026-07-23,NATIONAL,982.687,,982.687,97620.5,,99.0
2026-07-24,NATIONAL,856.027,,856.027,97620.5,,99.1
2026-07-25,NATIONAL,1144.617,,1144.617,97620.5,,98.8
2026-07-26,NATIONAL,909.217,,909.217,97620.5,,99.1
2026-07-27,NATIONAL,1023.247,,1023.247,97620.5,,99.0
2026-07-28,NATIONAL,1123.333,,1123.333,97620.5,,98.8
2026-07-29,NATIONAL,1333.456,,1333.456,97620.5,,98.6
2026-07-30,NATIONAL,1184.763,,1184.763,97620.5,,98.8
2026-07-31,NATIONAL,1166.851,,1166.851,97620.5,,98.8
2026-08-01,NATIONAL,2195.107,,2195.107,97620.5,,97.8
2026-08-02,NATIONAL,2182.177,,2182.177,97620.5,,97.8
2026-08-03,NATIONAL,2120.107,,2120.107,97620.5,,97.8
2026-08-04,NATIONAL,3041.297,,3041.297,97620.5,,96.9
2026-08-05,NATIONAL,3116.867,,3116.867,97620.5,,96.8
2026-08-06,NATIONAL,3266.969,,3266.969,97620.5,,96.7
2026-08-07,NATIONAL,2792.227,,2792.227,97620.5,,97.1
2026-08-08,NATIONAL,3233.815,,3233.815,97620.5,,96.7
2026-08-09,NATIONAL,2324.25,,2324.25,97620.5,,97.6
2026-08-10,NATIONAL,2755.865,,2755.865,97620.5,,97.2
2026-08-11,NATIONAL,2604.906,,2604.906,97620.5,,97.3
2026-08-12,NATIONAL,3202.916,,3202.916,97620.5,,96.7
2026-08-13,NATIONAL,1945.477,,1945.477,97620.5,,98.0
2026-08-14,NATIONAL,2861.626,,2861.626,97620.5,,97.1
2026-08-15,NATIONAL,2551.321,,2551.321,97620.5,,97.4
2026-08-16,NATIONAL,1963.767,,1963.767,97620.5,,98.0
2026-08-17,NATIONAL,1814.636,,1814.636,97620.5,,98.1
2026-08-18,NATIONAL,1715.436,,1715.436,97620.5,,98.2
2026-08-19,NATIONAL,1855.456,,1855.456,97620.5,,98.1
2026-08-20,NATIONAL,1800.096,,1800.096,97620.5,,98.2
2026-08-21,NATIONAL,2003.975,,2003.975,97620.5,,97.9
