period,coal_mw,natural_gas_mw,nuclear_mw,solar_mw,wind_mw,load_mw,iso,date_only
2026-02-20T03,0.0,9505.0,3293.0,0.0,745.0,18594,NYISO,2026-02-20
2026-02-20T04,0.0,9173.0,3297.0,0.0,725.0,17703,NYISO,2026-02-20
2026-02-20T05,0.0,8645.0,3292.0,0.0,803.0,16797,NYISO,2026-02-20
2026-02-20T06,0.0,7453.0,3296.0,0.0,909.0,16175,NYISO,2026-02-20
2026-02-20T07,0.0,6957.0,3288.0,0.0,974.0,15732,NYISO,2026-02-20
2026-02-20T08,0.0,6735.0,3220.0,0.0,1102.0,15446,NYISO,2026-02-20
2026-02-20T09,0.0,6482.0,3225.0,0.0,1243.0,15366,NYISO,2026-02-20
2026-02-20T10,0.0,6532.0,3286.0,0.0,1350.0,15568,NYISO,2026-02-20
2026-02-20T11,0.0,7295.0,3303.0,0.0,1358.0,16242,NYISO,2026-02-20
2026-02-20T12,0.0,8073.0,3304.0,0.0,1382.0,17330,NYISO,2026-02-20
2026-02-20T13,0.0,8773.0,3304.0,0.0,1472.0,18292,NYISO,2026-02-20
2026-02-20T14,0.0,9107.0,3306.0,0.0,1476.0,19016,NYISO,2026-02-20
2026-02-20T15,0.0,9028.0,3304.0,0.0,1571.0,19463,NYISO,2026-02-20
2026-02-20T16,0.0,9024.0,3309.0,0.0,1603.0,19708,NYISO,2026-02-20
2026-02-20T17,0.0,9145.0,3314.0,0.0,1657.0,19807,NYISO,2026-02-20
2026-02-20T18,0.0,9258.0,3313.0,0.0,1638.0,19805,NYISO,2026-02-20
2026-02-20T19,0.0,9198.0,3296.0,0.0,1592.0,19718,NYISO,2026-02-20
2026-02-20T20,0.0,9222.0,3300.0,0.0,1680.0,19647,NYISO,2026-02-20
2026-02-20T21,0.0,9550.0,3310.0,0.0,1636.0,19712,NYISO,2026-02-20
2026-02-20T22,0.0,9786.0,3307.0,0.0,1579.0,20103,NYISO,2026-02-20
2026-02-20T23,0.0,9914.0,3310.0,0.0,1383.0,20477,NYISO,2026-02-20
2026-02-21T00,0.0,9993.0,3295.0,0.0,1428.0,20410,NYISO,2026-02-21
2026-02-21T01,0.0,9621.0,3285.0,0.0,1354.0,19962,NYISO,2026-02-21
2026-02-21T02,0.0,8931.0,3282.0,0.0,1313.0,19445,NYISO,2026-02-21
2026-02-21T03,0.0,8701.0,3274.0,0.0,1453.0,18780,NYISO,2026-02-21
2026-02-21T04,0.0,8414.0,3273.0,0.0,1392.0,17949,NYISO,2026-02-21
2026-02-21T05,0.0,8163.0,3281.0,0.0,1319.0,17085,NYISO,2026-02-21
2026-02-21T06,0.0,7655.0,3224.0,0.0,1154.0,16455,NYISO,2026-02-21
2026-02-21T07,0.0,7363.0,3212.0,0.0,1122.0,15986,NYISO,2026-02-21
2026-02-21T08,0.0,6981.0,3140.0,0.0,1095.0,15656,NYISO,2026-02-21
2026-02-21T09,0.0,6915.0,3135.0,0.0,1037.0,15492,NYISO,2026-02-21
2026-02-21T10,0.0,7011.0,3149.0,0.0,864.0,15503,NYISO,2026-02-21
2026-02-21T11,0.0,7347.0,3284.0,0.0,658.0,15734,NYISO,2026-02-21
2026-02-21T12,0.0,7872.0,3299.0,0.0,538.0,16240,NYISO,2026-02-21
2026-02-21T13,0.0,8134.0,3313.0,0.0,450.0,16699,NYISO,2026-02-21
2026-02-21T14,0.0,8430.0,3319.0,0.0,387.0,17111,NYISO,2026-02-21
2026-02-21T15,0.0,8690.0,3323.0,0.0,316.0,17273,NYISO,2026-02-21
2026-02-21T16,0.0,8871.0,3311.0,0.0,284.0,17168,NYISO,2026-02-21
2026-02-21T17,0.0,8646.0,3299.0,0.0,244.0,17061,NYISO,2026-02-21
2026-02-21T18,0.0,8697.0,3305.0,0.0,173.0,17072,NYISO,2026-02-21
2026-02-21T19,0.0,8458.0,3312.0,0.0,129.0,16979,NYISO,2026-02-21
2026-02-21T20,0.0,8418.0,3323.0,0.0,111.0,16981,NYISO,2026-02-21
2026-02-21T21,0.0,8700.0,3325.0,0.0,80.0,17320,NYISO,2026-02-21
2026-02-21T22,0.0,9234.0,3335.0,0.0,42.0,17872,NYISO,2026-02-21
2026-02-21T23,0.0,9859.0,3349.0,0.0,24.0,18637,NYISO,2026-02-21
2026-02-22T00,0.0,10007.0,3346.0,0.0,22.0,18924,NYISO,2026-02-22
2026-02-22T01,0.0,9881.0,3325.0,0.0,21.0,18739,NYISO,2026-02-22
2026-02-22T02,0.0,9441.0,3310.0,0.0,45.0,18411,NYISO,2026-02-22
2026-02-22T03,0.0,8615.0,3292.0,0.0,56.0,17926,NYISO,2026-02-22
2026-02-22T04,0.0,8490.0,3292.0,0.0,73.0,17301,NYISO,2026-02-22
2026-02-22T05,0.0,7990.0,3284.0,0.0,81.0,16661,NYISO,2026-02-22
2026-02-22T06,0.0,7919.0,3294.0,0.0,100.0,16141,NYISO,2026-02-22
2026-02-22T07,0.0,7795.0,3229.0,0.0,145.0,15731,NYISO,2026-02-22
2026-02-22T08,0.0,7789.0,3162.0,0.0,144.0,15399,NYISO,2026-02-22
2026-02-22T09,0.0,7819.0,3164.0,0.0,153.0,15226,NYISO,2026-02-22
2026-02-22T10,0.0,7853.0,3166.0,0.0,156.0,15253,NYISO,2026-02-22
2026-02-22T11,0.0,8095.0,3320.0,0.0,178.0,15485,NYISO,2026-02-22
2026-02-22T12,0.0,8343.0,3331.0,0.0,174.0,15929,NYISO,2026-02-22
2026-02-22T13,0.0,8654.0,3322.0,0.0,154.0,16436,NYISO,2026-02-22
2026-02-22T14,0.0,9344.0,3321.0,0.0,133.0,17079,NYISO,2026-02-22
2026-02-22T15,0.0,9228.0,3313.0,0.0,194.0,17459,NYISO,2026-02-22
2026-02-22T16,0.0,9244.0,3290.0,0.0,240.0,17671,NYISO,2026-02-22
2026-02-22T17,0.0,9046.0,3280.0,0.0,203.0,17922,NYISO,2026-02-22
2026-02-22T18,0.0,9088.0,3279.0,0.0,170.0,18184,NYISO,2026-02-22
2026-02-22T19,0.0,9184.0,3276.0,0.0,164.0,18285,NYISO,2026-02-22
2026-02-22T20,0.0,9113.0,3279.0,0.0,215.0,18578,NYISO,2026-02-22
2026-02-22T21,0.0,9548.0,3298.0,0.0,282.0,18994,NYISO,2026-02-22
2026-02-22T22,0.0,10336.0,3309.0,0.0,377.0,19581,NYISO,2026-02-22
2026-02-22T23,0.0,11020.0,3306.0,0.0,440.0,20312,NYISO,2026-02-22
2026-02-23T00,0.0,11133.0,3309.0,0.0,381.0,20523,NYISO,2026-02-23
2026-02-23T01,0.0,11127.0,3318.0,0.0,427.0,20159,NYISO,2026-02-23
2026-02-23T02,0.0,10224.0,3292.0,0.0,460.0,19658,NYISO,2026-02-23
2026-02-23T03,0.0,9554.0,3279.0,0.0,384.0,19049,NYISO,2026-02-23
2026-02-23T04,0.0,9038.0,3294.0,0.0,408.0,18243,NYISO,2026-02-23
2026-02-23T05,0.0,8814.0,3308.0,0.0,309.0,17445,NYISO,2026-02-23
2026-02-23T06,0.0,8549.0,3316.0,0.0,293.0,16912,NYISO,2026-02-23
2026-02-23T07,0.0,8410.0,3236.0,0.0,298.0,16525,NYISO,2026-02-23
2026-02-23T08,0.0,8433.0,3238.0,0.0,259.0,16303,NYISO,2026-02-23
2026-02-23T09,0.0,8516.0,3244.0,0.0,238.0,16250,NYISO,2026-02-23
2026-02-23T10,0.0,8614.0,3241.0,0.0,259.0,16483,NYISO,2026-02-23
2026-02-23T11,0.0,8984.0,3337.0,0.0,316.0,17064,NYISO,2026-02-23
2026-02-23T12,0.0,9315.0,3349.0,0.0,320.0,17970,NYISO,2026-02-23
2026-02-23T13,0.0,9430.0,3321.0,0.0,373.0,18579,NYISO,2026-02-23
2026-02-23T14,0.0,9453.0,3321.0,0.0,399.0,19061,NYISO,2026-02-23
2026-02-23T15,0.0,9456.0,3307.0,0.0,384.0,19247,NYISO,2026-02-23
2026-02-23T16,0.0,9480.0,3308.0,0.0,410.0,19299,NYISO,2026-02-23
2026-02-23T17,0.0,9147.0,3280.0,0.0,486.0,19263,NYISO,2026-02-23
2026-02-23T18,0.0,9328.0,3275.0,0.0,635.0,19242,NYISO,2026-02-23
2026-02-23T19,0.0,9148.0,3278.0,0.0,709.0,19176,NYISO,2026-02-23
2026-02-23T20,0.0,9070.0,3273.0,0.0,703.0,19242,NYISO,2026-02-23
2026-02-23T21,0.0,9110.0,3266.0,0.0,687.0,19369,NYISO,2026-02-23
2026-02-23T22,0.0,9356.0,3258.0,0.0,611.0,19955,NYISO,2026-02-23
2026-02-23T23,0.0,10167.0,3277.0,0.0,542.0,20825,NYISO,2026-02-23
2026-02-24T00,0.0,10545.0,3278.0,0.0,697.0,21211,NYISO,2026-02-24
2026-02-24T01,0.0,10887.0,3292.0,0.0,810.0,20857,NYISO,2026-02-24
2026-02-24T02,0.0,10767.0,3294.0,0.0,869.0,20356,NYISO,2026-02-24
2026-02-24T03,0.0,10463.0,3286.0,0.0,902.0,19640,NYISO,2026-02-24
2026-02-24T04,0.0,10145.0,3289.0,0.0,956.0,18779,NYISO,2026-02-24
2026-02-24T05,0.0,9534.0,3293.0,0.0,930.0,17915,NYISO,2026-02-24
2026-02-24T06,0.0,8810.0,3276.0,0.0,899.0,17334,NYISO,2026-02-24
2026-02-24T07,0.0,8765.0,3287.0,0.0,895.0,16986,NYISO,2026-02-24
2026-02-24T08,0.0,8700.0,3285.0,0.0,882.0,16766,NYISO,2026-02-24
2026-02-24T09,0.0,8759.0,3298.0,0.0,867.0,16776,NYISO,2026-02-24
2026-02-24T10,0.0,9138.0,3340.0,0.0,847.0,17086,NYISO,2026-02-24
2026-02-24T11,0.0,9574.0,3342.0,0.0,819.0,17821,NYISO,2026-02-24
2026-02-24T12,0.0,10444.0,3343.0,0.0,760.0,19098,NYISO,2026-02-24
2026-02-24T13,0.0,10791.0,3327.0,0.0,678.0,19895,NYISO,2026-02-24
2026-02-24T14,0.0,10668.0,3327.0,0.0,774.0,20045,NYISO,2026-02-24
2026-02-24T15,0.0,10669.0,3324.0,0.0,821.0,19867,NYISO,2026-02-24
2026-02-24T16,0.0,9654.0,3314.0,0.0,761.0,19633,NYISO,2026-02-24
2026-02-24T17,0.0,9598.0,3295.0,0.0,703.0,19368,NYISO,2026-02-24
2026-02-24T18,0.0,9340.0,3294.0,0.0,805.0,19058,NYISO,2026-02-24
2026-02-24T19,0.0,8879.0,3289.0,0.0,777.0,18937,NYISO,2026-02-24
2026-02-24T20,0.0,8761.0,3282.0,0.0,698.0,18939,NYISO,2026-02-24
2026-02-24T21,0.0,8889.0,3290.0,0.0,574.0,19194,NYISO,2026-02-24
2026-02-24T22,0.0,10143.0,3291.0,0.0,411.0,20097,NYISO,2026-02-24
2026-02-24T23,0.0,11514.0,3291.0,0.0,172.0,21410,NYISO,2026-02-24
2026-02-25T00,0.0,11874.0,3285.0,0.0,177.0,22030,NYISO,2026-02-25
2026-02-25T01,0.0,11825.0,3286.0,0.0,384.0,21857,NYISO,2026-02-25
2026-02-25T02,0.0,11565.0,3289.0,0.0,700.0,21359,NYISO,2026-02-25
2026-02-25T03,0.0,11207.0,3294.0,0.0,909.0,20552,NYISO,2026-02-25
2026-02-25T04,0.0,10790.0,3295.0,0.0,1049.0,19582,NYISO,2026-02-25
2026-02-25T05,0.0,9815.0,3285.0,0.0,1054.0,18628,NYISO,2026-02-25
2026-02-25T06,0.0,9295.0,3298.0,0.0,1010.0,17971,NYISO,2026-02-25
2026-02-25T07,0.0,9031.0,3293.0,0.0,1134.0,17530,NYISO,2026-02-25
2026-02-25T08,0.0,9024.0,3277.0,0.0,1235.0,17229,NYISO,2026-02-25
2026-02-25T09,0.0,8879.0,3308.0,0.0,1320.0,17067,NYISO,2026-02-25
2026-02-25T10,0.0,8998.0,3335.0,0.0,1271.0,17170,NYISO,2026-02-25
2026-02-25T11,0.0,9424.0,3341.0,0.0,1302.0,17823,NYISO,2026-02-25
2026-02-25T12,0.0,10029.0,3318.0,0.0,1200.0,19086,NYISO,2026-02-25
2026-02-25T13,0.0,10736.0,3289.0,0.0,1065.0,20027,NYISO,2026-02-25
2026-02-25T14,0.0,10860.0,3290.0,0.0,1044.0,20566,NYISO,2026-02-25
2026-02-25T15,0.0,10746.0,3294.0,0.0,1097.0,20657,NYISO,2026-02-25
2026-02-25T16,0.0,10816.0,3246.0,0.0,1159.0,20422,NYISO,2026-02-25
2026-02-25T17,0.0,10705.0,3156.0,0.0,1133.0,19955,NYISO,2026-02-25
2026-02-25T18,0.0,10579.0,3130.0,0.0,1080.0,19317,NYISO,2026-02-25
2026-02-25T19,0.0,10194.0,3083.0,0.0,1132.0,18900,NYISO,2026-02-25
2026-02-25T20,0.0,9894.0,3075.0,0.0,1083.0,18653,NYISO,2026-02-25
2026-02-25T21,0.0,10074.0,3133.0,0.0,1198.0,18924,NYISO,2026-02-25
2026-02-25T22,0.0,10594.0,3258.0,0.0,1285.0,19466,NYISO,2026-02-25
2026-02-25T23,0.0,11204.0,3276.0,0.0,1253.0,20300,NYISO,2026-02-25
2026-02-26T00,0.0,11532.0,3291.0,0.0,1438.0,20731,NYISO,2026-02-26
2026-02-26T01,0.0,11424.0,3282.0,0.0,1472.0,20480,NYISO,2026-02-26
2026-02-26T02,0.0,11126.0,3271.0,0.0,1264.0,19940,NYISO,2026-02-26
2026-02-26T03,0.0,10664.0,3254.0,0.0,1161.0,19165,NYISO,2026-02-26
2026-02-26T04,0.0,10152.0,3249.0,0.0,1147.0,18153,NYISO,2026-02-26
2026-02-26T05,0.0,9746.0,3251.0,0.0,992.0,17210,NYISO,2026-02-26
2026-02-26T06,0.0,9190.0,3265.0,0.0,973.0,16547,NYISO,2026-02-26
2026-02-26T07,0.0,8813.0,3235.0,0.0,850.0,16127,NYISO,2026-02-26
2026-02-26T08,0.0,8413.0,3203.0,0.0,941.0,15894,NYISO,2026-02-26
2026-02-26T09,0.0,8378.0,3200.0,0.0,857.0,15889,NYISO,2026-02-26
2026-02-26T10,0.0,8888.0,3208.0,0.0,719.0,16172,NYISO,2026-02-26
2026-02-26T11,0.0,9829.0,3294.0,0.0,693.0,17013,NYISO,2026-02-26
2026-02-26T12,0.0,10960.0,3308.0,0.0,578.0,18396,NYISO,2026-02-26
2026-02-26T13,0.0,11276.0,3305.0,0.0,541.0,19114,NYISO,2026-02-26
2026-02-26T14,0.0,11226.0,3307.0,0.0,548.0,18984,NYISO,2026-02-26
2026-02-26T15,0.0,10899.0,3310.0,0.0,535.0,18475,NYISO,2026-02-26
2026-02-26T16,0.0,10215.0,3302.0,0.0,386.0,17856,NYISO,2026-02-26
2026-02-26T17,0.0,9467.0,3265.0,0.0,270.0,17198,NYISO,2026-02-26
2026-02-26T18,0.0,9051.0,3149.0,0.0,386.0,16768,NYISO,2026-02-26
2026-02-26T19,0.0,8907.0,3118.0,0.0,255.0,16554,NYISO,2026-02-26
2026-02-26T20,0.0,8985.0,3139.0,0.0,214.0,16603,NYISO,2026-02-26
2026-02-26T21,0.0,9352.0,3217.0,0.0,239.0,17202,NYISO,2026-02-26
2026-02-26T22,0.0,10615.0,3266.0,0.0,220.0,18583,NYISO,2026-02-26
2026-02-26T23,0.0,11550.0,3295.0,0.0,94.0,19839,NYISO,2026-02-26
2026-02-27T00,0.0,12010.0,3310.0,0.0,94.0,20372,NYISO,2026-02-27
2026-02-27T01,0.0,11973.0,3312.0,0.0,98.0,20165,NYISO,2026-02-27
2026-02-27T02,0.0,11733.0,3305.0,0.0,89.0,19745,NYISO,2026-02-27
2026-02-27T03,0.0,11461.0,3268.0,0.0,173.0,19148,NYISO,2026-02-27
2026-02-27T04,0.0,10833.0,3271.0,0.0,276.0,18290,NYISO,2026-02-27
2026-02-27T05,0.0,9803.0,3265.0,0.0,466.0,17486,NYISO,2026-02-27
2026-02-27T06,0.0,9098.0,3281.0,0.0,625.0,16936,NYISO,2026-02-27
2026-02-27T07,0.0,8703.0,3282.0,0.0,692.0,16596,NYISO,2026-02-27
2026-02-27T08,0.0,8404.0,3294.0,0.0,717.0,16399,NYISO,2026-02-27
2026-02-27T09,0.0,8465.0,3296.0,0.0,716.0,16375,NYISO,2026-02-27
2026-02-27T10,0.0,8779.0,3307.0,0.0,750.0,16680,NYISO,2026-02-27
2026-02-27T11,0.0,9505.0,3296.0,0.0,756.0,17516,NYISO,2026-02-27
2026-02-27T12,0.0,10731.0,3283.0,0.0,890.0,18871,NYISO,2026-02-27
2026-02-27T13,0.0,10847.0,3274.0,0.0,895.0,19231,NYISO,2026-02-27
2026-02-27T14,0.0,9748.0,3281.0,0.0,772.0,18186,NYISO,2026-02-27
2026-02-27T15,0.0,8342.0,3288.0,0.0,741.0,17228,NYISO,2026-02-27
2026-02-27T16,0.0,7983.0,3287.0,0.0,737.0,16670,NYISO,2026-02-27
2026-02-27T17,0.0,7661.0,3280.0,0.0,733.0,16269,NYISO,2026-02-27
2026-02-27T18,0.0,7143.0,3208.0,0.0,803.0,15841,NYISO,2026-02-27
2026-02-27T19,0.0,6879.0,3130.0,0.0,921.0,15585,NYISO,2026-02-27
2026-02-27T20,0.0,6958.0,3117.0,0.0,888.0,15650,NYISO,2026-02-27
2026-02-27T21,0.0,7285.0,3232.0,0.0,732.0,16294,NYISO,2026-02-27
2026-02-27T22,0.0,8057.0,3235.0,0.0,478.0,17654,NYISO,2026-02-27
2026-02-27T23,0.0,9286.0,3246.0,0.0,410.0,19073,NYISO,2026-02-27
2026-02-28T00,0.0,9930.0,3256.0,0.0,708.0,19659,NYISO,2026-02-28
2026-02-28T01,0.0,9370.0,3258.0,0.0,1134.0,19443,NYISO,2026-02-28
2026-02-28T02,0.0,9371.0,3246.0,0.0,1442.0,19066,NYISO,2026-02-28
2026-02-28T03,0.0,8869.0,3238.0,0.0,1597.0,18544,NYISO,2026-02-28
2026-02-28T04,0.0,8380.0,3249.0,0.0,1787.0,17829,NYISO,2026-02-28
2026-02-28T05,0.0,7666.0,3247.0,0.0,1931.0,17050,NYISO,2026-02-28
2026-02-28T06,0.0,7294.0,3251.0,0.0,2087.0,16470,NYISO,2026-02-28
2026-02-28T07,0.0,6950.0,3184.0,0.0,2147.0,16021,NYISO,2026-02-28
2026-02-28T08,0.0,6949.0,3172.0,0.0,2212.0,15749,NYISO,2026-02-28
2026-02-28T09,0.0,6922.0,3174.0,0.0,2224.0,15591,NYISO,2026-02-28
2026-02-28T10,0.0,6926.0,3191.0,0.0,2248.0,15642,NYISO,2026-02-28
2026-02-28T11,0.0,7064.0,3271.0,0.0,2318.0,15910,NYISO,2026-02-28
2026-02-28T12,0.0,7296.0,3265.0,0.0,2306.0,16389,NYISO,2026-02-28
2026-02-28T13,0.0,7456.0,3269.0,0.0,2195.0,16562,NYISO,2026-02-28
2026-02-28T14,0.0,7155.0,3269.0,0.0,2121.0,16307,NYISO,2026-02-28
2026-02-28T15,0.0,6543.0,3280.0,0.0,2023.0,15810,NYISO,2026-02-28
2026-02-28T16,0.0,5847.0,3263.0,0.0,1823.0,15022,NYISO,2026-02-28
2026-02-28T17,0.0,5409.0,3175.0,0.0,1467.0,14128,NYISO,2026-02-28
2026-02-28T18,0.0,5319.0,3118.0,0.0,1455.0,13846,NYISO,2026-02-28
2026-02-28T19,0.0,5071.0,3104.0,0.0,1519.0,13689,NYISO,2026-02-28
2026-02-28T20,0.0,4870.0,3089.0,0.0,1415.0,13620,NYISO,2026-02-28
2026-02-28T21,0.0,5272.0,3101.0,0.0,1312.0,14302,NYISO,2026-02-28
2026-02-28T22,0.0,6333.0,3254.0,0.0,1163.0,15785,NYISO,2026-02-28
2026-02-28T23,0.0,7833.0,3285.0,0.0,885.0,17284,NYISO,2026-02-28
2026-03-01T00,0.0,8728.0,3283.0,0.0,741.0,18066,NYISO,2026-03-01
2026-03-01T01,0.0,9149.0,3289.0,0.0,608.0,17988,NYISO,2026-03-01
2026-03-01T02,0.0,8838.0,3284.0,0.0,471.0,17790,NYISO,2026-03-01
2026-03-01T03,0.0,8541.0,3282.0,0.0,275.0,17444,NYISO,2026-03-01
2026-03-01T04,0.0,8533.0,3299.0,0.0,341.0,16894,NYISO,2026-03-01
2026-03-01T05,0.0,8016.0,3292.0,0.0,704.0,16291,NYISO,2026-03-01
2026-03-01T06,0.0,7441.0,3302.0,0.0,585.0,15815,NYISO,2026-03-01
2026-03-01T07,0.0,7146.0,3302.0,0.0,419.0,15420,NYISO,2026-03-01
2026-03-01T08,0.0,7027.0,3305.0,0.0,399.0,15175,NYISO,2026-03-01
2026-03-01T09,0.0,6982.0,3296.0,0.0,460.0,15059,NYISO,2026-03-01
2026-03-01T10,0.0,7033.0,3299.0,0.0,571.0,15152,NYISO,2026-03-01
2026-03-01T11,0.0,7040.0,3302.0,0.0,614.0,15447,NYISO,2026-03-01
2026-03-01T12,0.0,7093.0,3301.0,0.0,635.0,15890,NYISO,2026-03-01
2026-03-01T13,0.0,7470.0,3318.0,0.0,540.0,16325,NYISO,2026-03-01
2026-03-01T14,0.0,7731.0,3334.0,0.0,475.0,16659,NYISO,2026-03-01
2026-03-01T15,0.0,7716.0,3303.0,0.0,455.0,16724,NYISO,2026-03-01
2026-03-01T16,0.0,7515.0,3295.0,0.0,478.0,16286,NYISO,2026-03-01
2026-03-01T17,0.0,6637.0,3239.0,0.0,540.0,15710,NYISO,2026-03-01
2026-03-01T18,0.0,5932.0,3216.0,0.0,618.0,15088,NYISO,2026-03-01
2026-03-01T19,0.0,5027.0,3207.0,0.0,733.0,14705,NYISO,2026-03-01
2026-03-01T20,0.0,4770.0,3112.0,0.0,780.0,14788,NYISO,2026-03-01
2026-03-01T21,0.0,5247.0,3118.0,0.0,772.0,15332,NYISO,2026-03-01
2026-03-01T22,0.0,6930.0,3244.0,0.0,770.0,16943,NYISO,2026-03-01
2026-03-01T23,0.0,8389.0,3286.0,0.0,654.0,18803,NYISO,2026-03-01
2026-03-02T00,0.0,8761.0,3293.0,0.0,483.0,19736,NYISO,2026-03-02
2026-03-02T01,0.0,8774.0,3301.0,0.0,316.0,19742,NYISO,2026-03-02
2026-03-02T02,0.0,8787.0,3291.0,0.0,263.0,19426,NYISO,2026-03-02
2026-03-02T03,0.0,8704.0,3267.0,0.0,239.0,18918,NYISO,2026-03-02
2026-03-02T04,0.0,8720.0,3276.0,0.0,213.0,18244,NYISO,2026-03-02
2026-03-02T05,0.0,8708.0,3279.0,0.0,193.0,17475,NYISO,2026-03-02
2026-03-02T06,0.0,8959.0,3279.0,0.0,131.0,17052,NYISO,2026-03-02
2026-03-02T07,0.0,9041.0,3279.0,0.0,94.0,16786,NYISO,2026-03-02
2026-03-02T08,0.0,8879.0,3280.0,0.0,101.0,16665,NYISO,2026-03-02
2026-03-02T09,0.0,8864.0,3281.0,0.0,96.0,16713,NYISO,2026-03-02
2026-03-02T10,0.0,9164.0,3293.0,0.0,90.0,17030,NYISO,2026-03-02
2026-03-02T11,0.0,9454.0,3295.0,0.0,81.0,18065,NYISO,2026-03-02
2026-03-02T12,0.0,10044.0,3315.0,0.0,81.0,19492,NYISO,2026-03-02
2026-03-02T13,0.0,9867.0,3286.0,0.0,87.0,19765,NYISO,2026-03-02
2026-03-02T14,0.0,9172.0,3258.0,0.0,86.0,18698,NYISO,2026-03-02
2026-03-02T15,0.0,8777.0,3238.0,0.0,57.0,17740,NYISO,2026-03-02
2026-03-02T16,0.0,8287.0,3242.0,0.0,43.0,17140,NYISO,2026-03-02
2026-03-02T17,0.0,7664.0,3204.0,0.0,61.0,16870,NYISO,2026-03-02
2026-03-02T18,0.0,7343.0,3127.0,0.0,89.0,16553,NYISO,2026-03-02
2026-03-02T19,0.0,6959.0,3100.0,0.0,82.0,16320,NYISO,2026-03-02
2026-03-02T20,0.0,7281.0,3110.0,0.0,58.0,16409,NYISO,2026-03-02
2026-03-02T21,0.0,7962.0,3198.0,0.0,44.0,17038,NYISO,2026-03-02
2026-03-02T22,0.0,8909.0,3244.0,0.0,34.0,18559,NYISO,2026-03-02
2026-03-02T23,0.0,10050.0,3275.0,0.0,21.0,20501,NYISO,2026-03-02
2026-03-03T00,0.0,10431.0,3271.0,0.0,103.0,21368,NYISO,2026-03-03
2026-03-03T01,0.0,10566.0,3268.0,0.0,334.0,21304,NYISO,2026-03-03
2026-03-03T02,0.0,10448.0,3271.0,0.0,553.0,20844,NYISO,2026-03-03
2026-03-03T03,0.0,10187.0,3253.0,0.0,797.0,20142,NYISO,2026-03-03
2026-03-03T04,0.0,9730.0,3250.0,0.0,1090.0,19147,NYISO,2026-03-03
2026-03-03T05,0.0,9073.0,3252.0,0.0,1143.0,18218,NYISO,2026-03-03
2026-03-03T06,0.0,8837.0,3258.0,0.0,1214.0,17561,NYISO,2026-03-03
2026-03-03T07,0.0,8680.0,3258.0,0.0,1227.0,17082,NYISO,2026-03-03
2026-03-03T08,0.0,8668.0,3251.0,0.0,1204.0,16815,NYISO,2026-03-03
2026-03-03T09,0.0,8607.0,3257.0,0.0,1074.0,16697,NYISO,2026-03-03
2026-03-03T10,0.0,8737.0,3255.0,0.0,1057.0,16887,NYISO,2026-03-03
2026-03-03T11,0.0,9157.0,3281.0,0.0,1172.0,17644,NYISO,2026-03-03
2026-03-03T12,0.0,9791.0,3281.0,0.0,1135.0,18944,NYISO,2026-03-03
2026-03-03T13,0.0,10040.0,3272.0,0.0,1125.0,19561,NYISO,2026-03-03
2026-03-03T14,0.0,9868.0,3262.0,0.0,942.0,19576,NYISO,2026-03-03
2026-03-03T15,0.0,10019.0,3264.0,0.0,817.0,19449,NYISO,2026-03-03
2026-03-03T16,0.0,10033.0,3261.0,0.0,805.0,19460,NYISO,2026-03-03
2026-03-03T17,0.0,10131.0,3264.0,0.0,836.0,19729,NYISO,2026-03-03
2026-03-03T18,0.0,10346.0,3259.0,0.0,792.0,19988,NYISO,2026-03-03
2026-03-03T19,0.0,10353.0,3257.0,0.0,707.0,20235,NYISO,2026-03-03
2026-03-03T20,0.0,10503.0,3251.0,0.0,687.0,20249,NYISO,2026-03-03
2026-03-03T21,0.0,10556.0,3254.0,0.0,642.0,20388,NYISO,2026-03-03
2026-03-03T22,0.0,10745.0,3250.0,0.0,681.0,20692,NYISO,2026-03-03
2026-03-03T23,0.0,11065.0,3266.0,0.0,598.0,21132,NYISO,2026-03-03
2026-03-04T00,0.0,11099.0,3271.0,0.0,641.0,21204,NYISO,2026-03-04
2026-03-04T01,0.0,11159.0,3280.0,0.0,524.0,20746,NYISO,2026-03-04
2026-03-04T02,0.0,10947.0,3283.0,0.0,379.0,20151,NYISO,2026-03-04
2026-03-04T03,0.0,10551.0,3292.0,0.0,344.0,19281,NYISO,2026-03-04
2026-03-04T04,0.0,10279.0,3294.0,0.0,367.0,18256,NYISO,2026-03-04
2026-03-04T05,0.0,9701.0,3306.0,0.0,388.0,17237,NYISO,2026-03-04
2026-03-04T06,0.0,9315.0,3330.0,0.0,363.0,16451,NYISO,2026-03-04
2026-03-04T07,0.0,9058.0,3323.0,0.0,308.0,15984,NYISO,2026-03-04
2026-03-04T08,0.0,8797.0,3313.0,0.0,263.0,15651,NYISO,2026-03-04
2026-03-04T09,0.0,8794.0,3237.0,0.0,253.0,15509,NYISO,2026-03-04
2026-03-04T10,0.0,8959.0,3321.0,0.0,297.0,15675,NYISO,2026-03-04
2026-03-04T11,0.0,9216.0,3330.0,0.0,355.0,16468,NYISO,2026-03-04
2026-03-04T12,0.0,9806.0,3321.0,0.0,322.0,17791,NYISO,2026-03-04
2026-03-04T13,0.0,10205.0,3301.0,0.0,335.0,18399,NYISO,2026-03-04
2026-03-04T14,0.0,9951.0,3301.0,0.0,268.0,18156,NYISO,2026-03-04
2026-03-04T15,0.0,9879.0,3292.0,0.0,125.0,17554,NYISO,2026-03-04
2026-03-04T16,0.0,8437.0,3201.0,0.0,49.0,16911,NYISO,2026-03-04
2026-03-04T17,0.0,7572.0,3092.0,0.0,92.0,16227,NYISO,2026-03-04
2026-03-04T18,0.0,7310.0,3083.0,0.0,214.0,15439,NYISO,2026-03-04
2026-03-04T19,0.0,7236.0,3084.0,0.0,219.0,14991,NYISO,2026-03-04
2026-03-04T20,0.0,7222.0,3087.0,0.0,238.0,14872,NYISO,2026-03-04
2026-03-04T21,0.0,7411.0,3097.0,0.0,197.0,15469,NYISO,2026-03-04
2026-03-04T22,0.0,8222.0,3242.0,0.0,141.0,16932,NYISO,2026-03-04
2026-03-04T23,0.0,9350.0,3250.0,0.0,157.0,18638,NYISO,2026-03-04
2026-03-05T00,0.0,9788.0,3258.0,0.0,265.0,19345,NYISO,2026-03-05
2026-03-05T01,0.0,9758.0,3298.0,0.0,357.0,19226,NYISO,2026-03-05
2026-03-05T02,0.0,9372.0,3305.0,0.0,488.0,18785,NYISO,2026-03-05
2026-03-05T03,0.0,8923.0,3293.0,0.0,467.0,18174,NYISO,2026-03-05
2026-03-05T04,0.0,8194.0,3289.0,0.0,374.0,17229,NYISO,2026-03-05
2026-03-05T05,0.0,7761.0,3281.0,0.0,269.0,16314,NYISO,2026-03-05
2026-03-05T06,0.0,7456.0,3282.0,0.0,256.0,15671,NYISO,2026-03-05
2026-03-05T07,0.0,7195.0,3285.0,0.0,187.0,15215,NYISO,2026-03-05
2026-03-05T08,0.0,7152.0,3202.0,0.0,64.0,14928,NYISO,2026-03-05
2026-03-05T09,0.0,7098.0,3197.0,0.0,49.0,14824,NYISO,2026-03-05
2026-03-05T10,0.0,7325.0,3203.0,0.0,89.0,15061,NYISO,2026-03-05
2026-03-05T11,0.0,7958.0,3311.0,0.0,214.0,15848,NYISO,2026-03-05
2026-03-05T12,0.0,8521.0,3303.0,0.0,305.0,17214,NYISO,2026-03-05
2026-03-05T13,0.0,8774.0,3280.0,0.0,418.0,18029,NYISO,2026-03-05
2026-03-05T14,0.0,8729.0,3289.0,0.0,424.0,18277,NYISO,2026-03-05
2026-03-05T15,0.0,8652.0,3292.0,0.0,418.0,18325,NYISO,2026-03-05
2026-03-05T16,0.0,8916.0,3282.0,0.0,427.0,18365,NYISO,2026-03-05
2026-03-05T17,0.0,9151.0,3264.0,0.0,450.0,18483,NYISO,2026-03-05
2026-03-05T18,0.0,9086.0,3260.0,0.0,481.0,18422,NYISO,2026-03-05
2026-03-05T19,0.0,8956.0,3251.0,0.0,499.0,18445,NYISO,2026-03-05
2026-03-05T20,0.0,8939.0,3249.0,0.0,528.0,18621,NYISO,2026-03-05
2026-03-05T21,0.0,8917.0,3240.0,0.0,564.0,18928,NYISO,2026-03-05
2026-03-05T22,0.0,9089.0,3240.0,0.0,660.0,19463,NYISO,2026-03-05
2026-03-05T23,0.0,9219.0,3259.0,0.0,737.0,19970,NYISO,2026-03-05
2026-03-06T00,0.0,9357.0,3273.0,0.0,859.0,20087,NYISO,2026-03-06
2026-03-06T01,0.0,9506.0,3283.0,0.0,870.0,19796,NYISO,2026-03-06
2026-03-06T02,0.0,9326.0,3295.0,0.0,859.0,19321,NYISO,2026-03-06
2026-03-06T03,0.0,9212.0,3290.0,0.0,763.0,18588,NYISO,2026-03-06
2026-03-06T04,0.0,8952.0,3292.0,0.0,825.0,17643,NYISO,2026-03-06
2026-03-06T05,0.0,8360.0,3300.0,0.0,832.0,16726,NYISO,2026-03-06
2026-03-06T06,0.0,8237.0,3302.0,0.0,771.0,16137,NYISO,2026-03-06
2026-03-06T07,0.0,8041.0,3235.0,0.0,744.0,15662,NYISO,2026-03-06
2026-03-06T08,0.0,7802.0,3231.0,0.0,659.0,15352,NYISO,2026-03-06
2026-03-06T09,0.0,7637.0,3211.0,0.0,638.0,15190,NYISO,2026-03-06
2026-03-06T10,0.0,7756.0,3273.0,0.0,558.0,15406,NYISO,2026-03-06
2026-03-06T11,0.0,8178.0,3300.0,0.0,539.0,16162,NYISO,2026-03-06
2026-03-06T12,0.0,8808.0,3305.0,0.0,549.0,17441,NYISO,2026-03-06
2026-03-06T13,0.0,8984.0,3291.0,0.0,625.0,18264,NYISO,2026-03-06
2026-03-06T14,0.0,9008.0,3288.0,0.0,516.0,18387,NYISO,2026-03-06
2026-03-06T15,0.0,9139.0,3290.0,0.0,413.0,18243,NYISO,2026-03-06
2026-03-06T16,0.0,8982.0,3216.0,0.0,326.0,18033,NYISO,2026-03-06
2026-03-06T17,0.0,8757.0,3143.0,0.0,332.0,17814,NYISO,2026-03-06
2026-03-06T18,0.0,8343.0,3121.0,0.0,421.0,17648,NYISO,2026-03-06
2026-03-06T19,0.0,8355.0,3114.0,0.0,499.0,17680,NYISO,2026-03-06
2026-03-06T20,0.0,8483.0,3119.0,0.0,568.0,17803,NYISO,2026-03-06
2026-03-06T21,0.0,8653.0,3134.0,0.0,594.0,18153,NYISO,2026-03-06
2026-03-06T22,0.0,9226.0,3240.0,0.0,714.0,18688,NYISO,2026-03-06
2026-03-06T23,0.0,9476.0,3240.0,0.0,784.0,19248,NYISO,2026-03-06
2026-03-07T00,0.0,9498.0,3243.0,0.0,929.0,19498,NYISO,2026-03-07
2026-03-07T01,0.0,9229.0,3230.0,0.0,1209.0,19213,NYISO,2026-03-07
2026-03-07T02,0.0,8890.0,3143.0,0.0,1501.0,18713,NYISO,2026-03-07
2026-03-07T03,0.0,8448.0,3005.0,0.0,1556.0,18083,NYISO,2026-03-07
2026-03-07T04,0.0,7903.0,2982.0,0.0,1671.0,17290,NYISO,2026-03-07
2026-03-07T05,0.0,7299.0,2981.0,0.0,1880.0,16455,NYISO,2026-03-07
2026-03-07T06,0.0,6889.0,3002.0,0.0,1904.0,15790,NYISO,2026-03-07
2026-03-07T07,0.0,6127.0,2976.0,0.0,1983.0,15308,NYISO,2026-03-07
2026-03-07T08,0.0,5963.0,2893.0,0.0,1979.0,14985,NYISO,2026-03-07
2026-03-07T09,0.0,5860.0,2889.0,0.0,1906.0,14789,NYISO,2026-03-07
2026-03-07T10,0.0,5835.0,2882.0,0.0,1988.0,14830,NYISO,2026-03-07
2026-03-07T11,0.0,6193.0,2943.0,0.0,1857.0,15051,NYISO,2026-03-07
2026-03-07T12,0.0,6392.0,3026.0,0.0,2140.0,15523,NYISO,2026-03-07
2026-03-07T13,0.0,6714.0,3082.0,0.0,2138.0,15972,NYISO,2026-03-07
2026-03-07T14,0.0,6680.0,3172.0,0.0,2223.0,16188,NYISO,2026-03-07
2026-03-07T15,0.0,6297.0,3187.0,0.0,2177.0,16040,NYISO,2026-03-07
2026-03-07T16,0.0,6100.0,3224.0,0.0,2071.0,15675,NYISO,2026-03-07
2026-03-07T17,0.0,5794.0,3237.0,0.0,2118.0,15298,NYISO,2026-03-07
2026-03-07T18,0.0,5768.0,3164.0,0.0,1973.0,15136,NYISO,2026-03-07
2026-03-07T19,0.0,5512.0,3150.0,0.0,1911.0,15234,NYISO,2026-03-07
2026-03-07T20,0.0,5871.0,3157.0,0.0,1860.0,15488,NYISO,2026-03-07
2026-03-07T21,0.0,6292.0,3238.0,0.0,2095.0,16155,NYISO,2026-03-07
2026-03-07T22,0.0,6762.0,3262.0,0.0,2089.0,16906,NYISO,2026-03-07
2026-03-07T23,0.0,7431.0,3261.0,0.0,2057.0,17613,NYISO,2026-03-07
2026-03-08T00,0.0,7752.0,3270.0,0.0,2161.0,17950,NYISO,2026-03-08
2026-03-08T01,0.0,7763.0,3300.0,0.0,2164.0,17726,NYISO,2026-03-08
2026-03-08T02,0.0,7279.0,3317.0,0.0,2312.0,17304,NYISO,2026-03-08
2026-03-08T03,0.0,6691.0,3291.0,0.0,2253.0,16770,NYISO,2026-03-08
2026-03-08T04,0.0,6531.0,3307.0,0.0,2245.0,16091,NYISO,2026-03-08
2026-03-08T05,0.0,6085.0,3303.0,0.0,2274.0,15357,NYISO,2026-03-08
2026-03-08T06,0.0,6079.0,3262.0,0.0,2060.0,14725,NYISO,2026-03-08
2026-03-08T07,0.0,5836.0,3164.0,0.0,2075.0,14271,NYISO,2026-03-08
2026-03-08T08,0.0,5704.0,3145.0,0.0,2119.0,13975,NYISO,2026-03-08
2026-03-08T09,0.0,5529.0,3153.0,0.0,2149.0,13830,NYISO,2026-03-08
2026-03-08T10,0.0,5503.0,3241.0,0.0,2235.0,13891,NYISO,2026-03-08
2026-03-08T11,0.0,5528.0,3247.0,0.0,2155.0,14180,NYISO,2026-03-08
2026-03-08T12,0.0,5940.0,3262.0,0.0,2108.0,14590,NYISO,2026-03-08
2026-03-08T13,0.0,5953.0,3283.0,0.0,2095.0,14963,NYISO,2026-03-08
2026-03-08T14,0.0,6185.0,3280.0,0.0,1946.0,15236,NYISO,2026-03-08
2026-03-08T15,0.0,6034.0,3267.0,0.0,1749.0,15291,NYISO,2026-03-08
2026-03-08T16,0.0,5506.0,3186.0,0.0,1752.0,14779,NYISO,2026-03-08
2026-03-08T17,0.0,4929.0,3141.0,0.0,1736.0,14228,NYISO,2026-03-08
2026-03-08T18,0.0,4532.0,3077.0,0.0,1641.0,13645,NYISO,2026-03-08
2026-03-08T19,0.0,4303.0,3068.0,0.0,1706.0,13123,NYISO,2026-03-08
2026-03-08T20,0.0,4364.0,3081.0,0.0,1813.0,13446,NYISO,2026-03-08
2026-03-08T21,0.0,4867.0,3216.0,0.0,1932.0,13996,NYISO,2026-03-08
2026-03-08T22,0.0,5857.0,3199.0,0.0,1818.0,15277,NYISO,2026-03-08
2026-03-08T23,0.0,7430.0,3135.0,0.0,1652.0,16614,NYISO,2026-03-08
2026-03-09T00,0.0,7988.0,2916.0,0.0,1625.0,17237,NYISO,2026-03-09
2026-03-09T01,0.0,7836.0,2697.0,0.0,1718.0,17075,NYISO,2026-03-09
2026-03-09T02,0.0,7348.0,2564.0,0.0,1868.0,16604,NYISO,2026-03-09
2026-03-09T03,0.0,6936.0,2372.0,0.0,1956.0,15814,NYISO,2026-03-09
2026-03-09T04,0.0,6403.0,2256.0,0.0,1880.0,14950,NYISO,2026-03-09
2026-03-09T05,0.0,6341.0,2074.0,0.0,1844.0,14353,NYISO,2026-03-09
2026-03-09T06,0.0,5597.0,2009.0,0.0,1770.0,13878,NYISO,2026-03-09
2026-03-09T07,0.0,5733.0,2010.0,0.0,1648.0,13668,NYISO,2026-03-09
2026-03-09T08,0.0,5614.0,2012.0,0.0,1690.0,13567,NYISO,2026-03-09
2026-03-09T09,0.0,5691.0,2016.0,0.0,1726.0,13793,NYISO,2026-03-09
2026-03-09T10,0.0,6624.0,2088.0,0.0,1827.0,14656,NYISO,2026-03-09
2026-03-09T11,0.0,7663.0,2109.0,0.0,1879.0,16097,NYISO,2026-03-09
2026-03-09T12,0.0,8461.0,2092.0,0.0,1922.0,17128,NYISO,2026-03-09
2026-03-09T13,0.0,8055.0,2101.0,0.0,1913.0,16702,NYISO,2026-03-09
2026-03-09T14,0.0,6958.0,2067.0,0.0,1704.0,15414,NYISO,2026-03-09
2026-03-09T15,0.0,5672.0,2043.0,0.0,1704.0,14220,NYISO,2026-03-09
2026-03-09T16,0.0,4868.0,1941.0,0.0,1638.0,13431,NYISO,2026-03-09
2026-03-09T17,0.0,4713.0,1926.0,0.0,1706.0,13069,NYISO,2026-03-09
2026-03-09T18,0.0,4689.0,1919.0,0.0,1812.0,12951,NYISO,2026-03-09
2026-03-09T19,0.0,4687.0,1919.0,0.0,1893.0,12953,NYISO,2026-03-09
2026-03-09T20,0.0,4781.0,1930.0,0.0,1882.0,13242,NYISO,2026-03-09
2026-03-09T21,0.0,5201.0,2028.0,0.0,1875.0,13926,NYISO,2026-03-09
2026-03-09T22,0.0,6413.0,2041.0,0.0,1799.0,15364,NYISO,2026-03-09
2026-03-09T23,0.0,8029.0,2076.0,0.0,1578.0,16640,NYISO,2026-03-09
2026-03-10T00,0.0,8413.0,2082.0,0.0,1567.0,17270,NYISO,2026-03-10
2026-03-10T01,0.0,8511.0,2092.0,0.0,1661.0,17052,NYISO,2026-03-10
2026-03-10T02,0.0,7652.0,2081.0,0.0,1891.0,16409,NYISO,2026-03-10
2026-03-10T03,0.0,7326.0,2096.0,0.0,1859.0,15499,NYISO,2026-03-10
2026-03-10T04,0.0,5890.0,2064.0,0.0,2107.0,14591,NYISO,2026-03-10
2026-03-10T05,0.0,4888.0,2018.0,0.0,2079.0,13951,NYISO,2026-03-10
2026-03-10T06,0.0,4700.0,2015.0,0.0,1945.0,13473,NYISO,2026-03-10
2026-03-10T07,0.0,4624.0,2005.0,0.0,1784.0,13204,NYISO,2026-03-10
2026-03-10T08,0.0,4621.0,2003.0,0.0,1636.0,13122,NYISO,2026-03-10
2026-03-10T09,0.0,4703.0,2005.0,0.0,1405.0,13339,NYISO,2026-03-10
2026-03-10T10,0.0,5351.0,2080.0,0.0,1321.0,14121,NYISO,2026-03-10
2026-03-10T11,0.0,6718.0,2085.0,0.0,1195.0,15561,NYISO,2026-03-10
2026-03-10T12,0.0,8070.0,2091.0,0.0,1140.0,16520,NYISO,2026-03-10
2026-03-10T13,0.0,7649.0,2099.0,0.0,985.0,16091,NYISO,2026-03-10
2026-03-10T14,0.0,6274.0,2093.0,0.0,680.0,15003,NYISO,2026-03-10
2026-03-10T15,0.0,5549.0,2078.0,0.0,548.0,14215,NYISO,2026-03-10
2026-03-10T16,0.0,5083.0,2064.0,0.0,595.0,13835,NYISO,2026-03-10
2026-03-10T17,0.0,5075.0,2068.0,0.0,556.0,13848,NYISO,2026-03-10
2026-03-10T18,0.0,5215.0,2073.0,0.0,452.0,13973,NYISO,2026-03-10
2026-03-10T19,0.0,5345.0,2075.0,0.0,325.0,14207,NYISO,2026-03-10
2026-03-10T20,0.0,5595.0,2076.0,0.0,315.0,14679,NYISO,2026-03-10
2026-03-10T21,0.0,6317.0,2087.0,0.0,312.0,15381,NYISO,2026-03-10
2026-03-10T22,0.0,7021.0,2102.0,0.0,306.0,16299,NYISO,2026-03-10
2026-03-10T23,0.0,7868.0,2117.0,0.0,363.0,16908,NYISO,2026-03-10
2026-03-11T00,0.0,8183.0,2125.0,0.0,313.0,17252,NYISO,2026-03-11
2026-03-11T01,0.0,7983.0,2123.0,0.0,442.0,16931,NYISO,2026-03-11
2026-03-11T02,0.0,7600.0,2126.0,0.0,577.0,16228,NYISO,2026-03-11
2026-03-11T03,0.0,6861.0,2096.0,0.0,532.0,15342,NYISO,2026-03-11
2026-03-11T04,0.0,6189.0,2102.0,0.0,484.0,14429,NYISO,2026-03-11
2026-03-11T05,0.0,6408.0,2143.0,0.0,418.0,13774,NYISO,2026-03-11
2026-03-11T06,0.0,6441.0,2130.0,0.0,455.0,13289,NYISO,2026-03-11
2026-03-11T07,0.0,6078.0,2103.0,0.0,571.0,12998,NYISO,2026-03-11
2026-03-11T08,0.0,5921.0,2093.0,0.0,809.0,12873,NYISO,2026-03-11
2026-03-11T09,0.0,5925.0,2087.0,0.0,1110.0,13064,NYISO,2026-03-11
2026-03-11T10,0.0,5971.0,2080.0,0.0,1374.0,13821,NYISO,2026-03-11
2026-03-11T11,0.0,6900.0,2100.0,0.0,1580.0,15221,NYISO,2026-03-11
2026-03-11T12,0.0,7776.0,2114.0,0.0,1573.0,16255,NYISO,2026-03-11
2026-03-11T13,0.0,7681.0,2138.0,0.0,1561.0,16251,NYISO,2026-03-11
2026-03-11T14,0.0,6982.0,2104.0,0.0,1540.0,16016,NYISO,2026-03-11
2026-03-11T15,0.0,6662.0,2089.0,0.0,1352.0,15573,NYISO,2026-03-11
2026-03-11T16,0.0,6421.0,2092.0,0.0,1100.0,15143,NYISO,2026-03-11
2026-03-11T17,0.0,5685.0,2082.0,0.0,1029.0,14847,NYISO,2026-03-11
2026-03-11T18,0.0,5823.0,2024.0,0.0,1192.0,15211,NYISO,2026-03-11
2026-03-11T19,0.0,5773.0,2065.0,0.0,1561.0,15644,NYISO,2026-03-11
2026-03-11T20,0.0,6438.0,2082.0,0.0,1579.0,16124,NYISO,2026-03-11
2026-03-11T21,0.0,6866.0,2084.0,0.0,1499.0,16474,NYISO,2026-03-11
2026-03-11T22,0.0,7498.0,2090.0,0.0,1447.0,16877,NYISO,2026-03-11
2026-03-11T23,0.0,7911.0,2077.0,0.0,1443.0,17205,NYISO,2026-03-11
2026-03-12T00,0.0,8189.0,2100.0,0.0,1284.0,17496,NYISO,2026-03-12
2026-03-12T01,0.0,7791.0,2097.0,0.0,1354.0,17090,NYISO,2026-03-12
2026-03-12T02,0.0,7229.0,2080.0,0.0,1419.0,16418,NYISO,2026-03-12
2026-03-12T03,0.0,6634.0,2068.0,0.0,1621.0,15468,NYISO,2026-03-12
2026-03-12T04,0.0,6193.0,2068.0,0.0,1791.0,14528,NYISO,2026-03-12
2026-03-12T05,0.0,5874.0,2066.0,0.0,1656.0,13876,NYISO,2026-03-12
2026-03-12T06,0.0,5621.0,2017.0,0.0,1653.0,13454,NYISO,2026-03-12
2026-03-12T07,0.0,5218.0,2013.0,0.0,1588.0,13185,NYISO,2026-03-12
2026-03-12T08,0.0,5067.0,2026.0,0.0,1733.0,13032,NYISO,2026-03-12
2026-03-12T09,0.0,5232.0,2033.0,0.0,1780.0,13210,NYISO,2026-03-12
2026-03-12T10,0.0,5532.0,2079.0,0.0,1860.0,14013,NYISO,2026-03-12
2026-03-12T11,0.0,6556.0,2088.0,0.0,1881.0,15472,NYISO,2026-03-12
2026-03-12T12,0.0,6983.0,2098.0,0.0,1867.0,16688,NYISO,2026-03-12
2026-03-12T13,0.0,6869.0,2109.0,0.0,1843.0,17217,NYISO,2026-03-12
2026-03-12T14,0.0,6966.0,2107.0,0.0,1815.0,17445,NYISO,2026-03-12
2026-03-12T15,0.0,7163.0,2112.0,0.0,1824.0,17522,NYISO,2026-03-12
2026-03-12T16,0.0,7218.0,2108.0,0.0,1829.0,17548,NYISO,2026-03-12
2026-03-12T17,0.0,7273.0,2094.0,0.0,1760.0,17364,NYISO,2026-03-12
2026-03-12T18,0.0,7344.0,2081.0,0.0,1742.0,17289,NYISO,2026-03-12
2026-03-12T19,0.0,7383.0,2068.0,0.0,1745.0,17453,NYISO,2026-03-12
2026-03-12T20,0.0,8066.0,2068.0,0.0,1709.0,17667,NYISO,2026-03-12
2026-03-12T21,0.0,8303.0,2078.0,0.0,1751.0,18064,NYISO,2026-03-12
2026-03-12T22,0.0,8568.0,2097.0,0.0,1759.0,18617,NYISO,2026-03-12
2026-03-12T23,0.0,8782.0,2103.0,0.0,1682.0,19016,NYISO,2026-03-12
2026-03-13T00,0.0,8842.0,2098.0,0.0,1608.0,19283,NYISO,2026-03-13
2026-03-13T01,0.0,8727.0,2098.0,0.0,1225.0,18951,NYISO,2026-03-13
2026-03-13T02,0.0,8652.0,2105.0,0.0,923.0,18240,NYISO,2026-03-13
2026-03-13T03,0.0,8497.0,2100.0,0.0,806.0,17316,NYISO,2026-03-13
2026-03-13T04,0.0,7464.0,2084.0,0.0,737.0,16364,NYISO,2026-03-13
2026-03-13T05,0.0,6579.0,2012.0,0.0,812.0,15642,NYISO,2026-03-13
2026-03-13T06,0.0,6406.0,2007.0,0.0,683.0,15298,NYISO,2026-03-13
2026-03-13T07,0.0,6429.0,1955.0,0.0,684.0,15020,NYISO,2026-03-13
2026-03-13T08,0.0,6759.0,1969.0,0.0,699.0,14949,NYISO,2026-03-13
2026-03-13T09,0.0,6688.0,1927.0,0.0,527.0,15184,NYISO,2026-03-13
2026-03-13T10,0.0,6946.0,2075.0,0.0,435.0,16016,NYISO,2026-03-13
2026-03-13T11,0.0,8057.0,2081.0,0.0,397.0,17372,NYISO,2026-03-13
2026-03-13T12,0.0,8685.0,2081.0,0.0,450.0,18239,NYISO,2026-03-13
2026-03-13T13,0.0,8143.0,2091.0,0.0,597.0,17936,NYISO,2026-03-13
2026-03-13T14,0.0,7283.0,2077.0,0.0,710.0,17299,NYISO,2026-03-13
2026-03-13T15,0.0,6726.0,2062.0,0.0,805.0,16995,NYISO,2026-03-13
2026-03-13T16,0.0,6770.0,2068.0,0.0,825.0,17106,NYISO,2026-03-13
2026-03-13T17,0.0,6748.0,2073.0,0.0,934.0,17292,NYISO,2026-03-13
2026-03-13T18,0.0,7139.0,2083.0,0.0,1134.0,17687,NYISO,2026-03-13
2026-03-13T19,0.0,7121.0,2069.0,0.0,1229.0,17721,NYISO,2026-03-13
2026-03-13T20,0.0,7222.0,2060.0,0.0,1286.0,17850,NYISO,2026-03-13
2026-03-13T21,0.0,7700.0,2067.0,0.0,1332.0,18257,NYISO,2026-03-13
2026-03-13T22,0.0,8518.0,2091.0,0.0,1311.0,18733,NYISO,2026-03-13
2026-03-13T23,0.0,8734.0,2097.0,0.0,1287.0,18899,NYISO,2026-03-13
2026-03-14T00,0.0,8989.0,2103.0,0.0,1177.0,19018,NYISO,2026-03-14
2026-03-14T01,0.0,8750.0,2102.0,0.0,1356.0,18685,NYISO,2026-03-14
2026-03-14T02,0.0,8313.0,2100.0,0.0,1405.0,18118,NYISO,2026-03-14
2026-03-14T03,0.0,8009.0,2097.0,0.0,1514.0,17282,NYISO,2026-03-14
2026-03-14T04,0.0,7289.0,2083.0,0.0,1529.0,16387,NYISO,2026-03-14
2026-03-14T05,0.0,6627.0,2090.0,0.0,1519.0,15647,NYISO,2026-03-14
2026-03-14T06,0.0,6041.0,2039.0,0.0,1506.0,15144,NYISO,2026-03-14
2026-03-14T07,0.0,5844.0,1976.0,0.0,1376.0,14826,NYISO,2026-03-14
2026-03-14T08,0.0,5946.0,1976.0,0.0,1340.0,14634,NYISO,2026-03-14
2026-03-14T09,0.0,6033.0,1977.0,0.0,1329.0,14674,NYISO,2026-03-14
2026-03-14T10,0.0,6374.0,2037.0,0.0,1350.0,14955,NYISO,2026-03-14
2026-03-14T11,0.0,6777.0,2086.0,0.0,1525.0,15533,NYISO,2026-03-14
2026-03-14T12,0.0,7155.0,2075.0,0.0,1709.0,16110,NYISO,2026-03-14
2026-03-14T13,0.0,7252.0,2097.0,0.0,1841.0,16325,NYISO,2026-03-14
2026-03-14T14,0.0,6762.0,2100.0,0.0,1864.0,16253,NYISO,2026-03-14
2026-03-14T15,0.0,6271.0,2074.0,0.0,1856.0,16029,NYISO,2026-03-14
2026-03-14T16,0.0,5981.0,2023.0,0.0,1852.0,15773,NYISO,2026-03-14
2026-03-14T17,0.0,5847.0,2007.0,0.0,1972.0,15422,NYISO,2026-03-14
2026-03-14T18,0.0,5512.0,1975.0,0.0,1911.0,14974,NYISO,2026-03-14
2026-03-14T19,0.0,5171.0,1974.0,0.0,1898.0,14657,NYISO,2026-03-14
2026-03-14T20,0.0,5142.0,2067.0,0.0,1959.0,14619,NYISO,2026-03-14
2026-03-14T21,0.0,5386.0,2068.0,0.0,1827.0,15077,NYISO,2026-03-14
2026-03-14T22,0.0,6230.0,2067.0,0.0,1626.0,15968,NYISO,2026-03-14
2026-03-14T23,0.0,7304.0,2073.0,0.0,1301.0,16991,NYISO,2026-03-14
2026-03-15T00,0.0,7912.0,2088.0,0.0,1044.0,17668,NYISO,2026-03-15
2026-03-15T01,0.0,8139.0,2111.0,0.0,879.0,17610,NYISO,2026-03-15
2026-03-15T02,0.0,7713.0,2089.0,0.0,812.0,17178,NYISO,2026-03-15
2026-03-15T03,0.0,7456.0,2097.0,0.0,694.0,16646,NYISO,2026-03-15
2026-03-15T04,0.0,7157.0,2106.0,0.0,581.0,16017,NYISO,2026-03-15
2026-03-15T05,0.0,6593.0,2103.0,0.0,518.0,15460,NYISO,2026-03-15
2026-03-15T06,0.0,6202.0,2045.0,0.0,419.0,15027,NYISO,2026-03-15
2026-03-15T07,0.0,5922.0,2040.0,0.0,431.0,14735,NYISO,2026-03-15
2026-03-15T08,0.0,5886.0,2033.0,0.0,382.0,14563,NYISO,2026-03-15
2026-03-15T09,0.0,5914.0,2025.0,0.0,364.0,14593,NYISO,2026-03-15
2026-03-15T10,0.0,6165.0,2090.0,0.0,393.0,14814,NYISO,2026-03-15
2026-03-15T11,0.0,6438.0,2084.0,0.0,556.0,15231,NYISO,2026-03-15
2026-03-15T12,0.0,6596.0,2075.0,0.0,857.0,15683,NYISO,2026-03-15
2026-03-15T13,0.0,6584.0,2087.0,0.0,1139.0,15952,NYISO,2026-03-15
2026-03-15T14,0.0,6471.0,2082.0,0.0,1193.0,15905,NYISO,2026-03-15
2026-03-15T15,0.0,6282.0,2087.0,0.0,1268.0,15470,NYISO,2026-03-15
2026-03-15T16,0.0,5847.0,2018.0,0.0,1321.0,15276,NYISO,2026-03-15
2026-03-15T17,0.0,5645.0,2011.0,0.0,1463.0,15012,NYISO,2026-03-15
2026-03-15T18,0.0,5582.0,2009.0,0.0,1558.0,14895,NYISO,2026-03-15
2026-03-15T19,0.0,5851.0,1965.0,0.0,1545.0,15151,NYISO,2026-03-15
2026-03-15T20,0.0,6357.0,2049.0,0.0,1722.0,15611,NYISO,2026-03-15
2026-03-15T21,0.0,6727.0,2061.0,0.0,1793.0,16446,NYISO,2026-03-15
2026-03-15T22,0.0,7485.0,2076.0,0.0,1727.0,17295,NYISO,2026-03-15
2026-03-15T23,0.0,7974.0,2079.0,0.0,1599.0,17797,NYISO,2026-03-15
2026-03-16T00,0.0,8258.0,2083.0,0.0,1505.0,18164,NYISO,2026-03-16
2026-03-16T01,0.0,8152.0,2086.0,0.0,1372.0,17854,NYISO,2026-03-16
2026-03-16T02,0.0,7588.0,2084.0,0.0,1283.0,17226,NYISO,2026-03-16
2026-03-16T03,0.0,6869.0,2064.0,0.0,1356.0,16373,NYISO,2026-03-16
2026-03-16T04,0.0,6389.0,2062.0,0.0,1334.0,15484,NYISO,2026-03-16
2026-03-16T05,0.0,6178.0,2059.0,0.0,1404.0,14802,NYISO,2026-03-16
2026-03-16T06,0.0,5580.0,1976.0,0.0,1382.0,14294,NYISO,2026-03-16
2026-03-16T07,0.0,5310.0,1927.0,0.0,1399.0,14025,NYISO,2026-03-16
2026-03-16T08,0.0,5306.0,1877.0,0.0,1444.0,13902,NYISO,2026-03-16
2026-03-16T09,0.0,5383.0,1893.0,0.0,1495.0,14060,NYISO,2026-03-16
2026-03-16T10,0.0,5631.0,2051.0,0.0,1628.0,14751,NYISO,2026-03-16
2026-03-16T11,0.0,7041.0,2070.0,0.0,1594.0,16043,NYISO,2026-03-16
2026-03-16T12,0.0,7704.0,2059.0,0.0,1727.0,17072,NYISO,2026-03-16
2026-03-16T13,0.0,7815.0,2049.0,0.0,1771.0,17348,NYISO,2026-03-16
2026-03-16T14,0.0,7768.0,2048.0,0.0,1820.0,17261,NYISO,2026-03-16
2026-03-16T15,0.0,7381.0,2027.0,0.0,1796.0,17025,NYISO,2026-03-16
2026-03-16T16,0.0,7254.0,2024.0,0.0,1729.0,16897,NYISO,2026-03-16
2026-03-16T17,0.0,7193.0,2017.0,0.0,1647.0,16612,NYISO,2026-03-16
2026-03-16T18,0.0,7174.0,1981.0,0.0,1563.0,16591,NYISO,2026-03-16
2026-03-16T19,0.0,7096.0,1974.0,0.0,1588.0,16493,NYISO,2026-03-16
2026-03-16T20,0.0,7542.0,2021.0,0.0,1454.0,16996,NYISO,2026-03-16
2026-03-16T21,0.0,8005.0,2037.0,0.0,1404.0,17549,NYISO,2026-03-16
2026-03-16T22,0.0,8319.0,2041.0,0.0,1473.0,18073,NYISO,2026-03-16
2026-03-16T23,0.0,8471.0,2045.0,0.0,1395.0,18315,NYISO,2026-03-16
2026-03-17T00,0.0,8416.0,2045.0,0.0,1200.0,18371,NYISO,2026-03-17
2026-03-17T01,0.0,8364.0,2053.0,0.0,899.0,17886,NYISO,2026-03-17
2026-03-17T02,0.0,7820.0,2041.0,0.0,1003.0,17148,NYISO,2026-03-17
2026-03-17T03,0.0,7284.0,2025.0,0.0,1087.0,16246,NYISO,2026-03-17
2026-03-17T04,0.0,7038.0,2049.0,0.0,1178.0,15323,NYISO,2026-03-17
2026-03-17T05,0.0,6813.0,2054.0,0.0,1342.0,14729,NYISO,2026-03-17
2026-03-17T06,0.0,6649.0,2007.0,0.0,1373.0,14298,NYISO,2026-03-17
2026-03-17T07,0.0,6434.0,2001.0,0.0,1385.0,14058,NYISO,2026-03-17
2026-03-17T08,0.0,6428.0,1998.0,0.0,1415.0,14063,NYISO,2026-03-17
2026-03-17T09,0.0,6617.0,2008.0,0.0,1459.0,14447,NYISO,2026-03-17
2026-03-17T10,0.0,7026.0,2058.0,0.0,1638.0,15429,NYISO,2026-03-17
2026-03-17T11,0.0,8167.0,2069.0,0.0,1650.0,16980,NYISO,2026-03-17
2026-03-17T12,0.0,8977.0,2073.0,0.0,1631.0,18112,NYISO,2026-03-17
2026-03-17T13,0.0,8524.0,2063.0,0.0,1655.0,18061,NYISO,2026-03-17
2026-03-17T14,0.0,7720.0,2055.0,0.0,1648.0,17576,NYISO,2026-03-17
2026-03-17T15,0.0,7026.0,2040.0,0.0,1673.0,16945,NYISO,2026-03-17
2026-03-17T16,0.0,6004.0,1971.0,0.0,1626.0,16408,NYISO,2026-03-17
2026-03-17T17,0.0,5911.0,1935.0,0.0,1590.0,15972,NYISO,2026-03-17
2026-03-17T18,0.0,5643.0,1937.0,0.0,1567.0,15772,NYISO,2026-03-17
2026-03-17T19,0.0,5554.0,1927.0,0.0,1515.0,15663,NYISO,2026-03-17
2026-03-17T20,0.0,5822.0,1977.0,0.0,1552.0,15983,NYISO,2026-03-17
2026-03-17T21,0.0,6652.0,2027.0,0.0,1593.0,16751,NYISO,2026-03-17
2026-03-17T22,0.0,7707.0,2023.0,0.0,1581.0,17994,NYISO,2026-03-17
2026-03-17T23,0.0,8956.0,2040.0,0.0,1467.0,19023,NYISO,2026-03-17
2026-03-18T00,0.0,9557.0,2074.0,0.0,1189.0,19694,NYISO,2026-03-18
2026-03-18T01,0.0,9399.0,2082.0,0.0,990.0,19527,NYISO,2026-03-18
2026-03-18T02,0.0,9180.0,2080.0,0.0,732.0,18901,NYISO,2026-03-18
2026-03-18T03,0.0,8795.0,2071.0,0.0,701.0,17953,NYISO,2026-03-18
