date,iso,natural_gas_mw,wind_mw,solar_mw,coal_mw,nuclear_mw,load_mw,total_thermal_mw,gas_pct_thermal,gas_pct_load,wind_30d_avg_mw,wind_anomaly_mw,gas_burn_impact,sample_hours
2026-07-18,CAISO,8477,3359,6088,0.0,2280,35954,,,,3268.0,91.0,NEUTRAL,18
2026-07-18,ERCOT,30257,18758,5646,8976.0,4987,73562,,,,15710.0,3048.0,BEARISH (Strong Wind),18
2026-07-18,ISONE,10416,681,28,,3527,16312,,,,544.0,137.0,NEUTRAL,18
2026-07-18,MISO,46305,8578,2561,30166.0,11089,107831,,,,6608.0,1970.0,BEARISH (Strong Wind),18
2026-07-18,NATIONAL,123719,35453,12494,53548.0,37353,294712,214620.0,57.6,42.0,38761.0,-3308.0,BULLISH (Wind Drought),18
2026-07-18,NYISO,13070,158,0,0.0,3257,22480,,,,476.0,-319.0,NEUTRAL,18
2026-07-18,PJM,64321,884,491,28704.0,32067,129344,,,,1668.0,-784.0,NEUTRAL,18
2026-07-18,SPP,14530,16217,347,12862.0,1944,46359,,,,12502.0,3715.0,BEARISH (Strong Wind),18
2026-07-19,CAISO,6670,3482,6089,0.0,2280,34378,,,,3227.0,254.0,NEUTRAL,18
2026-07-19,ERCOT,32293,18039,5366,10023.0,4982,74889,,,,15593.0,2446.0,BEARISH (Strong Wind),18
2026-07-19,ISONE,8495,1460,2,,3566,14922,,,,557.0,904.0,NEUTRAL,18
2026-07-19,MISO,44552,5179,2559,30556.0,10767,101164,,,,6816.0,-1637.0,BULLISH (Wind Drought),18
2026-07-19,NATIONAL,118112,30272,12378,53368.0,37014,281987,208494.0,56.7,41.9,38875.0,-8603.0,BULLISH (Wind Drought),18
2026-07-19,NYISO,9994,1212,0,0.0,3228,20370,,,,503.0,709.0,NEUTRAL,18
2026-07-19,PJM,57552,2976,665,24079.0,31879,119096,,,,1629.0,1347.0,NEUTRAL,18
2026-07-19,SPP,18341,9769,346,14872.0,1941,47089,,,,12557.0,-2788.0,BULLISH (Wind Drought),18
2026-07-20,CAISO,9847,3672,6249,0.0,2280,35224,,,,3144.0,528.0,NEUTRAL,18
2026-07-20,ERCOT,36857,12925,5925,11239.0,4973,76761,,,,15338.0,-2412.0,BULLISH (Wind Drought),18
2026-07-20,ISONE,8934,1170,16,,3557,15189,,,,650.0,520.0,NEUTRAL,18
2026-07-20,MISO,43889,6872,2489,30177.0,10836,99575,,,,6788.0,83.0,NEUTRAL,18
2026-07-20,NATIONAL,122089,26122,13247,54306.0,37496,281331,213891.0,57.1,43.4,38540.0,-12418.0,BULLISH (Wind Drought),18
2026-07-20,NYISO,9578,534,0,0.0,3226,19682,,,,527.0,7.0,NEUTRAL,18
2026-07-20,PJM,52302,734,1127,23156.0,32665,113627,,,,1655.0,-921.0,NEUTRAL,18
2026-07-20,SPP,19743,9681,469,16087.0,1935,49416,,,,12497.0,-2816.0,BULLISH (Wind Drought),18
2026-07-21,CAISO,15091,4122,5428,0.0,2279,37398,,,,3074.0,1049.0,NEUTRAL,18
2026-07-21,ERCOT,38976,12829,7195,11033.0,4971,80251,,,,15137.0,-2308.0,BULLISH (Wind Drought),18
2026-07-21,ISONE,10086,272,36,,3559,16215,,,,687.0,-415.0,NEUTRAL,18
2026-07-21,MISO,44124,14026,2304,28126.0,11566,106263,,,,6827.0,7199.0,BEARISH (Strong Wind),18
2026-07-21,NATIONAL,132470,29137,13979,52434.0,38038,293561,222942.0,59.4,45.1,37997.0,-8860.0,BULLISH (Wind Drought),18
2026-07-21,NYISO,11212,231,0,0.0,3261,20857,,,,522.0,-291.0,NEUTRAL,18
2026-07-21,PJM,58526,2808,995,23209.0,32664,122516,,,,1618.0,1189.0,NEUTRAL,18
2026-07-21,SPP,17371,5516,1648,15681.0,1939,44443,,,,12157.0,-6641.0,BULLISH (Wind Drought),18
2026-07-22,CAISO,15521,3922,6061,0.0,2274,40356,,,,3056.0,866.0,NEUTRAL,18
2026-07-22,ERCOT,45258,6351,7326,11101.0,4961,81427,,,,14690.0,-8339.0,BULLISH (Wind Drought),18
2026-07-22,ISONE,9428,1450,3,,3560,15929,,,,721.0,730.0,NEUTRAL,18
2026-07-22,MISO,41656,12537,2500,27661.0,11613,99887,,,,7328.0,5209.0,BEARISH (Strong Wind),18
2026-07-22,NATIONAL,134799,29828,13790,51635.0,37984,295857,224418.0,60.1,45.6,37744.0,-7915.0,BULLISH (Wind Drought),18
2026-07-22,NYISO,10838,1103,0,0.0,3219,21536,,,,551.0,552.0,NEUTRAL,18
2026-07-22,PJM,54357,5047,681,21674.0,32581,119522,,,,1739.0,3308.0,BEARISH (Strong Wind),18
2026-07-22,SPP,20377,11300,447,16188.0,1932,50798,,,,11633.0,-333.0,NEUTRAL,18
2026-07-23,CAISO,14778,4540,6105,0.0,2278,37688,,,,3085.0,1455.0,NEUTRAL,18
2026-07-23,ERCOT,46265,9060,6860,10449.0,4954,84434,,,,14064.0,-5004.0,BULLISH (Wind Drought),18
2026-07-23,ISONE,10293,1370,16,,3435,17508,,,,748.0,622.0,NEUTRAL,18
2026-07-23,MISO,39993,2959,2660,27158.0,11660,90370,,,,7397.0,-4438.0,BULLISH (Wind Drought),18
2026-07-23,NATIONAL,130150,25282,13824,48940.0,38158,282872,217248.0,59.9,46.0,36802.0,-11520.0,BULLISH (Wind Drought),18
2026-07-23,NYISO,11419,830,0,0.0,3262,21498,,,,575.0,255.0,NEUTRAL,18
2026-07-23,PJM,53200,1308,968,20737.0,32896,113775,,,,1786.0,-478.0,NEUTRAL,18
2026-07-23,SPP,15334,14213,502,14320.0,1943,46229,,,,11083.0,3130.0,BEARISH (Strong Wind),18
2026-07-24,CAISO,15211,3658,6007,0.0,2281,39607,,,,3028.0,630.0,NEUTRAL,18
2026-07-24,ERCOT,39426,13547,5517,10173.0,4956,76945,,,,13474.0,73.0,NEUTRAL,18
2026-07-24,ISONE,8814,284,27,,3568,15685,,,,749.0,-465.0,NEUTRAL,18
2026-07-24,MISO,37605,4474,2405,27392.0,11636,90800,,,,7139.0,-2665.0,BULLISH (Wind Drought),18
2026-07-24,NATIONAL,119622,29359,12741,46687.0,38221,273818,204530.0,58.5,43.7,35598.0,-6239.0,BULLISH (Wind Drought),18
2026-07-24,NYISO,10422,407,0,0.0,3223,20021,,,,594.0,-187.0,NEUTRAL,18
2026-07-24,PJM,51063,312,1291,19102.0,32925,108099,,,,1755.0,-1443.0,BULLISH (Wind Drought),18
2026-07-24,SPP,12906,17158,451,12515.0,1951,45107,,,,10761.0,6397.0,BEARISH (Strong Wind),18
2026-07-25,CAISO,17466,3422,5952,0.0,2278,38750,,,,2967.0,455.0,NEUTRAL,18
2026-07-25,ERCOT,31823,20477,6177,10028.0,4974,77689,,,,12950.0,7528.0,BEARISH (Strong Wind),18
2026-07-25,ISONE,8956,374,22,,3581,15818,,,,712.0,-338.0,NEUTRAL,18
2026-07-25,MISO,37559,7111,1612,28289.0,11646,90822,,,,6849.0,262.0,NEUTRAL,18
2026-07-25,NATIONAL,116993,34135,12135,46708.0,38215,272865,201916.0,57.9,42.9,34428.0,-293.0,NEUTRAL,18
2026-07-25,NYISO,9974,176,0,0.0,3245,20432,,,,600.0,-425.0,NEUTRAL,18
2026-07-25,PJM,50226,806,592,17730.0,32849,106661,,,,1738.0,-932.0,NEUTRAL,18
2026-07-25,SPP,14630,14325,376,12890.0,1953,44921,,,,10454.0,3871.0,BEARISH (Strong Wind),18
2026-07-26,CAISO,11888,3822,6178,0.0,2278,36314,,,,2940.0,882.0,NEUTRAL,18
2026-07-26,ERCOT,25331,14547,16229,7935.0,4967,67595,38233.0,66.3,37.5,,,NEUTRAL,20
2026-07-26,ISONE,8666,573,20,,3574,14666,,,,704.0,-131.0,NEUTRAL,18
2026-07-26,MISO,35823,5200,7196,25339.0,11608,90567,72770.0,49.2,39.6,,,NEUTRAL,20
2026-07-26,NATIONAL,120082,28878,13002,48764.0,38151,277500,206997.0,58.0,43.3,33199.0,-4321.0,BULLISH (Wind Drought),18
2026-07-26,NYISO,7547,266,0,0.0,3201,16761,10748.0,70.2,45.0,,,NEUTRAL,21
2026-07-26,PJM,44264,501,4508,16281.0,32809,98181,93354.0,47.4,45.1,,,NEUTRAL,21
2026-07-26,SPP,20054,13373,508,14183.0,1963,51570,,,,10172.0,3201.0,BEARISH (Strong Wind),18
2026-07-27,CAISO,12453,3431,4988,0.0,2280,35543,,,,2969.0,462.0,NEUTRAL,18
2026-07-27,ERCOT,27393,16572,15378,8307.0,4965,72360,40665.0,67.4,37.9,,,NEUTRAL,24
2026-07-27,ISONE,9686,356,23,,3560,14924,,,,671.0,-315.0,NEUTRAL,18
2026-07-27,MISO,42292,8027,6520,27514.0,11549,102023,81355.0,52.0,41.5,,,NEUTRAL,24
2026-07-27,NATIONAL,129877,35280,12818,50393.0,38036,295462,218306.0,59.5,44.0,32269.0,3011.0,NEUTRAL,18
2026-07-27,NYISO,10175,209,0,0.0,3252,19710,13427.0,75.8,51.6,,,NEUTRAL,24
2026-07-27,PJM,54453,1850,3948,19782.0,32591,113453,106826.0,51.0,48.0,,,NEUTRAL,24
2026-07-27,SPP,17610,19069,546,13478.0,1956,53198,,,,10081.0,8988.0,BEARISH (Strong Wind),18
2026-07-28,CAISO,13673,4515,6567,0.0,2280,37908,,,,3003.0,1512.0,BEARISH (Strong Wind),18
2026-07-28,ERCOT,29322,15617,14775,8937.0,4964,73245,43223.0,67.8,40.0,,,NEUTRAL,24
2026-07-28,ISONE,11167,164,18,,3538,17110,,,,673.0,-509.0,NEUTRAL,18
2026-07-28,MISO,42078,5469,6900,28135.0,11498,98766,81711.0,51.5,42.6,,,NEUTRAL,24
2026-07-28,NATIONAL,138508,36782,14244,50726.0,37853,304861,227087.0,61.0,45.4,32089.0,4693.0,BEARISH (Strong Wind),18
2026-07-28,NYISO,11278,474,0,0.0,3242,20757,14520.0,77.7,54.3,,,NEUTRAL,24
2026-07-28,PJM,54248,3118,3330,19135.0,32566,112848,105949.0,51.2,48.1,,,NEUTRAL,24
2026-07-28,SPP,20617,15495,582,13823.0,1954,53935,,,,10214.0,5281.0,BEARISH (Strong Wind),18
2026-07-29,CAISO,10375,3746,8110,0.0,2269,32255,12644.0,82.1,32.2,,,NEUTRAL,21
2026-07-29,ERCOT,32464,12646,14046,9738.0,4964,73645,47166.0,68.8,44.1,,,NEUTRAL,24
2026-07-29,ISONE,10927,946,8,,3546,17126,,,,682.0,264.0,NEUTRAL,18
2026-07-29,MISO,39529,4066,7956,27935.0,11304,94558,78768.0,50.2,41.8,,,NEUTRAL,24
2026-07-29,NATIONAL,159221,31804,34692,69861.0,56216,369914,285298.0,55.8,43.0,,,NEUTRAL,23
2026-07-29,NYISO,10106,599,0,0.0,3188,19836,13294.0,76.0,50.9,,,NEUTRAL,24
2026-07-29,PJM,49896,2112,5183,18138.0,32728,107669,100762.0,49.5,46.3,,,NEUTRAL,24
2026-07-29,SPP,19008,9472,843,14353.0,1953,46867,35314.0,53.8,40.6,,,NEUTRAL,23
2026-07-30,CAISO,10571,3209,8749,0.0,2264,33488,12835.0,82.4,31.6,,,NEUTRAL,24
2026-07-30,ERCOT,32726,13560,14830,8125.0,4962,74014,45813.0,71.4,44.2,,,NEUTRAL,24
2026-07-30,ISONE,9740,596,10,,3536,15590,,,,682.0,-85.0,NEUTRAL,18
2026-07-30,MISO,37725,7454,8302,26617.0,11319,94740,75661.0,49.9,39.8,,,NEUTRAL,24
2026-07-30,NATIONAL,154273,38490,38628,65281.0,56600,372976,276154.0,55.9,41.4,,,NEUTRAL,24
2026-07-30,NYISO,9355,429,0,0.0,3230,18749,12585.0,74.3,49.9,,,NEUTRAL,24
2026-07-30,PJM,48314,1352,5859,17005.0,32872,106526,98191.0,49.2,45.4,,,NEUTRAL,24
2026-07-30,SPP,15581,12485,888,13534.0,1953,45458,31068.0,50.2,34.3,,,NEUTRAL,24
2026-07-31,CAISO,11761,3102,8771,0.0,2262,33990,14023.0,83.9,34.6,,,NEUTRAL,24
2026-07-31,ERCOT,31917,14918,14752,8021.0,4960,74396,44898.0,71.1,42.9,,,NEUTRAL,24
2026-07-31,ISONE,8953,240,319,,3594,13816,12547.0,71.4,64.8,,,NEUTRAL,24
2026-07-31,MISO,37989,10646,4614,25384.0,11320,92778,74693.0,50.9,40.9,,,NEUTRAL,24
2026-07-31,NATIONAL,155527,47622,34545,61915.0,56564,375136,274006.0,56.8,41.5,,,NEUTRAL,24
2026-07-31,NYISO,10458,146,0,0.0,3242,19119,13700.0,76.3,54.7,,,NEUTRAL,24
2026-07-31,PJM,50060,1982,5567,17503.0,32823,110512,100386.0,49.9,45.3,,,NEUTRAL,24
2026-07-31,SPP,13342,16829,842,11007.0,1956,44341,26305.0,50.7,30.1,,,NEUTRAL,24
2026-08-01,CAISO,10718,2488,8724,0.0,2264,33299,12982.0,82.6,32.2,,,NEUTRAL,24
2026-08-01,ERCOT,35248,9762,12386,9405.0,4960,71875,49613.0,71.0,49.0,,,NEUTRAL,24
2026-08-01,ISONE,9292,328,348,,3560,14526,12852.0,72.3,64.0,,,NEUTRAL,24
2026-08-01,MISO,36630,12423,4387,23796.0,11253,86231,71679.0,51.1,42.5,,,NEUTRAL,24
2026-08-01,NATIONAL,152679,43822,29827,59446.0,56435,356768,268560.0,56.9,42.8,,,NEUTRAL,24
2026-08-01,NYISO,10581,232,0,0.0,3256,19583,13837.0,76.5,54.0,,,NEUTRAL,24
2026-08-01,PJM,47868,3663,3335,16463.0,32735,105893,97066.0,49.3,45.2,,,NEUTRAL,24
2026-08-01,SPP,11634,15255,996,9782.0,1967,39887,23383.0,49.8,29.2,,,NEUTRAL,24
2026-08-02,CAISO,9721,2982,8706,0.0,2259,32940,11980.0,81.1,29.5,,,NEUTRAL,24
2026-08-02,ERCOT,35827,3733,14106,9664.0,4964,68231,50455.0,71.0,52.5,,,NEUTRAL,24
2026-08-02,ISONE,9586,644,262,,3557,15548,13143.0,72.9,61.7,,,NEUTRAL,24
2026-08-02,MISO,32628,9844,5596,20812.0,10592,80938,64032.0,51.0,40.3,,,NEUTRAL,24
2026-08-02,NATIONAL,152335,28138,32496,59031.0,56202,346935,267568.0,56.9,43.9,,,NEUTRAL,24
2026-08-02,NYISO,10673,804,0,0.0,3252,20271,13925.0,76.6,52.7,,,NEUTRAL,24
2026-08-02,PJM,46779,4795,3059,15610.0,32869,104477,95258.0,49.1,44.8,,,NEUTRAL,24
2026-08-02,SPP,15790,5936,1022,12945.0,1971,38512,30706.0,51.4,41.0,,,NEUTRAL,24
2026-08-03,CAISO,10955,3755,8843,0.0,2255,34999,13210.0,82.9,31.3,,,NEUTRAL,24
2026-08-03,ERCOT,32129,9291,15260,8729.0,4961,70437,45819.0,70.1,45.6,,,NEUTRAL,24
2026-08-03,ISONE,10312,1242,90,,3384,16950,13696.0,75.3,60.8,,,NEUTRAL,24
2026-08-03,MISO,33144,9644,8380,22734.0,10404,86635,66282.0,50.0,38.3,,,NEUTRAL,24
2026-08-03,NATIONAL,151730,42199,37993,58587.0,55948,368759,266265.0,57.0,41.1,,,NEUTRAL,24
2026-08-03,NYISO,10767,1078,0,0.0,3197,20905,13964.0,77.1,51.5,,,NEUTRAL,24
2026-08-03,PJM,51811,1247,4510,16924.0,32942,111612,101677.0,51.0,46.4,,,NEUTRAL,24
2026-08-03,SPP,11590,17041,985,10202.0,1970,41889,23762.0,48.8,27.7,,,NEUTRAL,24
2026-08-04,CAISO,12553,3444,8542,0.0,2253,35479,14806.0,84.8,35.4,,,NEUTRAL,24
2026-08-04,ERCOT,28524,17452,13972,7972.0,4950,72646,41446.0,68.8,39.3,,,NEUTRAL,24
2026-08-04,ISONE,7728,1249,391,,2677,14521,10405.0,74.3,53.2,,,NEUTRAL,24
2026-08-04,MISO,34975,9293,8108,24002.0,10392,90017,69369.0,50.4,38.9,,,NEUTRAL,24
2026-08-04,NATIONAL,151729,47218,36314,60010.0,55851,373344,267590.0,56.7,40.6,,,NEUTRAL,24
2026-08-04,NYISO,9902,363,0,0.0,3184,19144,13086.0,75.7,51.7,,,NEUTRAL,24
2026-08-04,PJM,52194,775,4774,17005.0,32883,111507,102082.0,51.1,46.8,,,NEUTRAL,24
2026-08-04,SPP,12671,15863,908,11031.0,1970,42954,25672.0,49.4,29.5,,,NEUTRAL,24
2026-08-05,CAISO,12533,3254,8237,0.0,2250,34474,14783.0,84.8,36.4,,,NEUTRAL,24
2026-08-05,ERCOT,28704,17104,13696,8349.0,4952,73174,42005.0,68.3,39.2,,,NEUTRAL,24
2026-08-05,ISONE,9256,419,349,,2661,15290,11917.0,77.7,60.5,,,NEUTRAL,24
2026-08-05,MISO,36623,6083,7979,24958.0,10390,90966,71971.0,50.9,40.3,,,NEUTRAL,24
2026-08-05,NATIONAL,158278,38856,35211,66674.0,55774,379170,280726.0,56.4,41.7,,,NEUTRAL,24
2026-08-05,NYISO,10632,281,0,0.0,3230,20027,13862.0,76.7,53.1,,,NEUTRAL,24
2026-08-05,PJM,54474,1156,4376,19158.0,32761,116191,106393.0,51.2,46.9,,,NEUTRAL,24
2026-08-05,SPP,14285,10965,915,14210.0,1970,42707,30465.0,46.9,33.4,,,NEUTRAL,24
2026-08-06,CAISO,12634,3388,7747,0.0,2244,34415,14878.0,84.9,36.7,,,NEUTRAL,24
2026-08-06,ERCOT,30627,15235,13270,9401.0,4955,73241,44983.0,68.1,41.8,,,NEUTRAL,24
2026-08-06,ISONE,11516,624,323,,3161,17871,14677.0,78.5,64.4,,,NEUTRAL,24
2026-08-06,MISO,40867,4038,5137,26659.0,10376,89940,77902.0,52.5,45.4,,,NEUTRAL,24
2026-08-06,NATIONAL,169683,35086,31372,70920.0,55662,386784,296265.0,57.3,43.9,,,NEUTRAL,24
2026-08-06,NYISO,12924,372,0,0.0,3237,23071,16161.0,80.0,56.0,,,NEUTRAL,24
2026-08-06,PJM,57267,788,4383,20533.0,32587,121234,110387.0,51.9,47.2,,,NEUTRAL,24
2026-08-06,SPP,14197,11234,827,14327.0,1972,42966,30496.0,46.6,33.0,,,NEUTRAL,24
2026-08-07,CAISO,12829,2707,7971,0.0,2240,35064,15069.0,85.1,36.6,,,NEUTRAL,24
2026-08-07,ERCOT,31328,14144,13229,9436.0,4954,73114,45718.0,68.5,42.8,,,NEUTRAL,24
2026-08-07,ISONE,11990,577,330,,3514,19478,15504.0,77.3,61.6,,,NEUTRAL,24
2026-08-07,MISO,39901,7967,6526,25077.0,10386,91254,75364.0,52.9,43.7,,,NEUTRAL,24
2026-08-07,NATIONAL,171512,41144,32901,66906.0,55454,391130,293872.0,58.4,43.9,,,NEUTRAL,24
2026-08-07,NYISO,14327,222,0,0.0,3192,24068,17519.0,81.8,59.5,,,NEUTRAL,24
2026-08-07,PJM,58682,586,4312,20544.0,32429,122267,111655.0,52.6,48.0,,,NEUTRAL,24
2026-08-07,SPP,13277,15492,856,11849.0,1969,43405,27095.0,49.0,30.6,,,NEUTRAL,24
2026-08-08,CAISO,11249,2980,8474,0.0,2241,33950,13490.0,83.4,33.1,,,NEUTRAL,24
2026-08-08,ERCOT,32018,13297,13174,9407.0,4953,70835,46378.0,69.0,45.2,,,NEUTRAL,24
2026-08-08,ISONE,10853,545,283,,3548,18046,14401.0,75.4,60.1,,,NEUTRAL,24
2026-08-08,MISO,38044,4378,7352,24594.0,10390,88402,73028.0,52.1,43.0,,,NEUTRAL,24
2026-08-08,NATIONAL,164768,32480,34868,67467.0,54965,372920,287200.0,57.4,44.2,,,NEUTRAL,24
2026-08-08,NYISO,14174,192,0,0.0,3188,21363,17362.0,81.6,66.3,,,NEUTRAL,24
2026-08-08,PJM,52374,1991,4893,20158.0,31941,114726,104473.0,50.1,45.7,,,NEUTRAL,24
2026-08-08,SPP,15879,9608,970,13307.0,1961,41846,31147.0,51.0,37.9,,,NEUTRAL,24
2026-08-09,CAISO,10343,3068,8168,0.0,2243,33143,12586.0,82.2,31.2,,,NEUTRAL,24
2026-08-09,ERCOT,31431,11806,13475,8393.0,4952,69376,44776.0,70.2,45.3,,,NEUTRAL,24
2026-08-09,ISONE,9821,790,339,,3564,16728,13385.0,73.4,58.7,,,NEUTRAL,24
2026-08-09,MISO,34438,8388,6578,22254.0,10390,85788,67082.0,51.3,40.1,,,NEUTRAL,24
2026-08-09,NATIONAL,153903,42980,34254,60821.0,55403,368115,270127.0,57.0,41.8,,,NEUTRAL,24
2026-08-09,NYISO,12038,431,0,0.0,3163,20918,15201.0,79.2,57.5,,,NEUTRAL,24
2026-08-09,PJM,51584,1813,5059,20339.0,32408,113876,104331.0,49.4,45.3,,,NEUTRAL,24
2026-08-09,SPP,13100,17421,968,9836.0,1954,43245,24890.0,52.6,30.3,,,NEUTRAL,24
2026-08-10,CAISO,12670,2653,7629,0.0,2238,35294,14908.0,85.0,35.9,,,NEUTRAL,24
2026-08-10,ERCOT,30777,14553,12559,8630.0,4957,71208,44364.0,69.4,43.2,,,NEUTRAL,24
2026-08-10,ISONE,9807,464,322,,3574,16261,13381.0,73.3,60.3,,,NEUTRAL,24
2026-08-10,MISO,40286,4815,6227,27404.0,10148,93764,77838.0,51.8,43.0,,,NEUTRAL,24
2026-08-10,NATIONAL,167093,43144,31439,69259.0,55203,388852,291555.0,57.3,43.0,,,NEUTRAL,24
2026-08-10,NYISO,12575,374,0,0.0,3193,21532,15768.0,79.8,58.4,,,NEUTRAL,24
2026-08-10,PJM,55764,3269,4030,22160.0,32422,119506,110346.0,50.5,46.7,,,NEUTRAL,24
2026-08-10,SPP,14036,17473,988,11065.0,1953,45839,27054.0,51.9,30.6,,,NEUTRAL,24
2026-08-11,CAISO,13685,2668,6818,0.0,2242,34828,15927.0,85.9,39.3,,,NEUTRAL,24
2026-08-11,ERCOT,27024,18733,13220,7866.0,4965,71496,39855.0,67.8,37.8,,,NEUTRAL,24
2026-08-11,ISONE,10044,728,321,,3558,16502,13602.0,73.8,60.9,,,NEUTRAL,24
2026-08-11,MISO,41033,4286,5990,27967.0,10071,96393,79071.0,51.9,42.6,,,NEUTRAL,24
2026-08-11,NATIONAL,164434,46975,29926,70172.0,54917,387284,289523.0,56.8,42.5,,,NEUTRAL,24
2026-08-11,NYISO,12307,496,0,0.0,3178,21392,15485.0,79.5,57.5,,,NEUTRAL,24
2026-08-11,PJM,54966,2477,2945,23395.0,32224,114235,110585.0,49.7,48.1,,,NEUTRAL,24
2026-08-11,SPP,14506,18267,945,10945.0,1945,47298,27396.0,52.9,30.7,,,NEUTRAL,24
2026-08-12,CAISO,12335,3192,7233,0.0,2240,34169,14575.0,84.6,36.1,,,NEUTRAL,24
2026-08-12,ERCOT,26603,21169,13238,8655.0,4966,74333,40224.0,66.1,35.8,,,NEUTRAL,24
2026-08-12,ISONE,9339,513,345,,3558,15608,12897.0,72.4,59.8,,,NEUTRAL,24
2026-08-12,MISO,41328,4319,5490,26543.0,10170,94517,78041.0,53.0,43.7,,,NEUTRAL,24
2026-08-12,NATIONAL,170030,49413,30314,67810.0,58273,397885,296113.0,57.4,42.7,,,NEUTRAL,24
2026-08-12,NYISO,11292,196,0,0.0,3201,20684,14493.0,77.9,54.6,,,NEUTRAL,24
2026-08-12,PJM,53683,2340,3082,21634.0,32201,110623,107518.0,49.9,48.5,,,NEUTRAL,24
2026-08-12,SPP,15449,17684,926,10977.0,1937,47951,28363.0,54.5,32.2,,,NEUTRAL,24
2026-08-13,CAISO,10241,3452,7123,0.0,2236,32805,12477.0,82.1,31.2,,,NEUTRAL,24
2026-08-13,ERCOT,26171,22882,13436,8192.0,4968,75236,39331.0,66.5,34.8,,,NEUTRAL,24
2026-08-13,ISONE,9570,466,291,,3578,15635,13148.0,72.8,61.2,,,NEUTRAL,24
2026-08-13,MISO,40815,5573,5404,26525.0,10792,93861,78132.0,52.2,43.5,,,NEUTRAL,24
2026-08-13,NATIONAL,167728,53018,31770,67047.0,59233,400459,294008.0,57.0,41.9,,,NEUTRAL,24
2026-08-13,NYISO,11586,301,0,0.0,3201,20937,14787.0,78.4,55.3,,,NEUTRAL,24
2026-08-13,PJM,54985,1178,4653,21651.0,32528,114248,109164.0,50.4,48.1,,,NEUTRAL,24
2026-08-13,SPP,14359,19165,863,10679.0,1930,47739,26968.0,53.2,30.1,,,NEUTRAL,24
2026-08-14,CAISO,8755,2603,7771,0.0,2237,31220,10992.0,79.6,28.0,,,NEUTRAL,24
2026-08-14,ERCOT,26819,22075,13090,8185.0,4972,74789,39976.0,67.1,35.9,,,NEUTRAL,24
2026-08-14,ISONE,8430,728,347,,3591,14738,12021.0,70.1,57.2,,,NEUTRAL,24
2026-08-14,MISO,38900,8014,5989,26013.0,10807,93510,75720.0,51.4,41.6,,,NEUTRAL,24
2026-08-14,NATIONAL,165715,51153,31532,68311.0,59277,396749,293303.0,56.5,41.8,,,NEUTRAL,24
2026-08-14,NYISO,11520,151,0,0.0,3201,20434,14721.0,78.3,56.4,,,NEUTRAL,24
2026-08-14,PJM,56273,1221,3405,22197.0,32548,115525,111018.0,50.7,48.7,,,NEUTRAL,24
2026-08-14,SPP,15019,16361,931,11916.0,1920,46534,28855.0,52.0,32.3,,,NEUTRAL,24
2026-08-15,CAISO,6759,2017,8458,0.0,2239,29778,8998.0,75.1,22.7,,,NEUTRAL,24
2026-08-15,ERCOT,26728,19863,13699,8728.0,4973,73480,40429.0,66.1,36.4,,,NEUTRAL,24
2026-08-15,ISONE,7409,538,351,,3598,13002,11007.0,67.3,57.0,,,NEUTRAL,24
2026-08-15,MISO,37658,4630,5403,26281.0,10925,89219,74864.0,50.3,42.2,,,NEUTRAL,24
2026-08-15,NATIONAL,155890,41654,32225,66903.0,59294,376545,282087.0,55.3,41.4,,,NEUTRAL,24
2026-08-15,NYISO,9241,108,0,0.0,3162,18332,12403.0,74.5,50.4,,,NEUTRAL,24
2026-08-15,PJM,53221,955,3411,19403.0,32470,108595,105094.0,50.6,49.0,,,NEUTRAL,24
2026-08-15,SPP,14876,13543,903,12490.0,1927,44138,29293.0,50.8,33.7,,,NEUTRAL,24
2026-08-16,CAISO,6760,1642,8100,0.0,2240,28982,9000.0,75.1,23.3,,,NEUTRAL,24
2026-08-16,ERCOT,30846,13576,14724,8285.0,4966,71913,44097.0,70.0,42.9,,,NEUTRAL,24
2026-08-16,ISONE,7082,187,312,,3609,12487,10691.0,66.2,56.7,,,NEUTRAL,24
2026-08-16,MISO,37556,5194,6111,26644.0,11016,90095,75216.0,49.9,41.7,,,NEUTRAL,24
2026-08-16,NATIONAL,159983,31509,33268,66630.0,59302,371043,285915.0,56.0,43.1,,,NEUTRAL,24
2026-08-16,NYISO,8748,402,0,0.0,3126,17943,11874.0,73.7,48.8,,,NEUTRAL,24
2026-08-16,PJM,51846,1887,3068,18259.0,32422,106857,102527.0,50.6,48.5,,,NEUTRAL,24
2026-08-16,SPP,17144,8620,953,13443.0,1923,42767,32510.0,52.7,40.1,,,NEUTRAL,24
2026-08-17,CAISO,10254,2248,8372,0.0,2244,32185,12498.0,82.0,31.9,,,NEUTRAL,24
2026-08-17,ERCOT,35262,9438,14805,8457.0,4962,72805,48681.0,72.4,48.4,,,NEUTRAL,24
2026-08-17,ISONE,8728,910,105,,3593,14800,12321.0,70.8,59.0,,,NEUTRAL,24
2026-08-17,MISO,40312,3587,7151,27200.0,11028,91689,78540.0,51.3,44.0,,,NEUTRAL,24
2026-08-17,NATIONAL,178593,24869,35271,69885.0,59455,387571,307933.0,58.0,46.1,,,NEUTRAL,24
2026-08-17,NYISO,10315,393,0,0.0,3176,19680,13491.0,76.5,52.4,,,NEUTRAL,24
2026-08-17,PJM,55690,1940,3978,19456.0,32528,114030,107674.0,51.7,48.8,,,NEUTRAL,24
2026-08-17,SPP,18032,6353,860,14772.0,1925,42383,34729.0,51.9,42.5,,,NEUTRAL,24
2026-08-18,CAISO,11024,3401,8374,0.0,2249,33581,13273.0,83.1,32.8,,,NEUTRAL,24
2026-08-18,ERCOT,35083,10977,14573,8911.0,4935,74457,48929.0,71.7,47.1,,,NEUTRAL,24
2026-08-18,ISONE,9622,159,233,,3590,15067,13212.0,72.8,63.9,,,NEUTRAL,24
2026-08-18,MISO,39045,5608,7021,25850.0,11042,90451,75937.0,51.4,43.2,,,NEUTRAL,24
2026-08-18,NATIONAL,178475,32587,35878,66276.0,59461,392071,304212.0,58.7,45.5,,,NEUTRAL,24
2026-08-18,NYISO,10955,126,0,0.0,3143,20199,14098.0,77.7,54.2,,,NEUTRAL,24
2026-08-18,PJM,57018,877,4711,19082.0,32581,115621,108681.0,52.5,49.3,,,NEUTRAL,24
2026-08-18,SPP,15729,11438,967,12433.0,1921,42694,30083.0,52.3,36.8,,,NEUTRAL,24
2026-08-19,CAISO,10904,3141,8502,0.0,2255,34676,13159.0,82.9,31.4,,,NEUTRAL,24
2026-08-19,ERCOT,32899,14614,14437,8676.0,4955,75344,46530.0,70.7,43.7,,,NEUTRAL,24
2026-08-19,ISONE,9812,203,321,,3573,15595,13385.0,73.3,62.9,,,NEUTRAL,24
2026-08-19,MISO,40532,3086,5825,26671.0,11025,90229,78228.0,51.8,44.9,,,NEUTRAL,24
2026-08-19,NATIONAL,177991,34126,34445,66205.0,59416,392687,303612.0,58.6,45.3,,,NEUTRAL,24
2026-08-19,NYISO,10747,493,0,0.0,3140,20062,13887.0,77.4,53.6,,,NEUTRAL,24
2026-08-19,PJM,56462,926,4458,18017.0,32550,112620,107029.0,52.8,50.1,,,NEUTRAL,24
2026-08-19,SPP,16634,11663,903,12841.0,1918,44160,31393.0,53.0,37.7,,,NEUTRAL,24
2026-08-20,CAISO,13445,2372,7715,0.0,2254,34632,15699.0,85.6,38.8,,,NEUTRAL,24
2026-08-20,ERCOT,33702,13640,14349,9157.0,4966,75472,47825.0,70.5,44.7,,,NEUTRAL,24
2026-08-20,ISONE,9808,208,258,,3552,15640,13360.0,73.4,62.7,,,NEUTRAL,24
2026-08-20,MISO,38722,4590,7076,26311.0,11029,89911,76062.0,50.9,43.1,,,NEUTRAL,24
2026-08-20,NATIONAL,181756,28713,34118,68565.0,59400,392277,309721.0,58.7,46.3,,,NEUTRAL,24
2026-08-20,NYISO,11211,221,0,0.0,3128,20171,14339.0,78.2,55.6,,,NEUTRAL,24
2026-08-20,PJM,56499,874,3719,17836.0,32556,112431,106891.0,52.9,50.3,,,NEUTRAL,24
2026-08-20,SPP,18370,6808,1000,15261.0,1914,44019,35545.0,51.7,41.7,,,NEUTRAL,24
2026-08-21,CAISO,14301,2525,8075,0.0,2256,35242,16557.0,86.4,40.6,,,NEUTRAL,24
2026-08-21,ERCOT,36494,11048,13444,10414.0,4964,76332,51872.0,70.4,47.8,,,NEUTRAL,24
2026-08-21,ISONE,8204,734,219,,3588,14167,11792.0,69.6,57.9,,,NEUTRAL,24
2026-08-21,MISO,37607,6336,7290,24758.0,11044,90043,73409.0,51.2,41.8,,,NEUTRAL,24
2026-08-21,NATIONAL,173518,31971,34418,64504.0,59423,381917,297445.0,58.3,45.4,,,NEUTRAL,24
2026-08-21,NYISO,8912,136,0,0.0,3127,17355,12039.0,74.0,51.4,,,NEUTRAL,24
2026-08-21,PJM,50877,716,4620,16020.0,32537,104802,99434.0,51.2,48.5,,,NEUTRAL,24
2026-08-21,SPP,17124,10476,770,13312.0,1907,43976,32343.0,52.9,38.9,,,NEUTRAL,24
2026-08-22,CAISO,11476,2899,8323,0.0,2257,33643,13733.0,83.6,34.1,,,NEUTRAL,24
2026-08-22,ERCOT,36297,10789,12898,9631.0,4837,74462,50765.0,71.5,48.7,,,NEUTRAL,24
2026-08-22,ISONE,7837,649,117,,3598,13138,11435.0,68.5,59.7,,,NEUTRAL,24
2026-08-22,MISO,33816,6200,7421,22545.0,11056,84393,67417.0,50.2,40.1,,,NEUTRAL,24
2026-08-22,NATIONAL,160399,33958,33377,59389.0,59228,364921,279016.0,57.5,44.0,,,NEUTRAL,24
2026-08-22,NYISO,7926,500,0,0.0,3110,16899,11036.0,71.8,46.9,,,NEUTRAL,24
2026-08-22,PJM,47943,2225,3828,14619.0,32540,100917,95102.0,50.4,47.5,,,NEUTRAL,24
2026-08-22,SPP,15103,10696,790,12594.0,1830,41470,29527.0,51.1,36.4,,,NEUTRAL,24
2026-08-23,CAISO,8937,2411,8273,0.0,2259,32897,11196.0,79.8,27.2,,,NEUTRAL,24
2026-08-23,ERCOT,38371,7636,13102,9710.0,4579,73558,52660.0,72.9,52.2,,,NEUTRAL,24
2026-08-23,ISONE,7576,323,122,,3594,13040,11170.0,67.8,58.1,,,NEUTRAL,24
2026-08-23,MISO,30263,5807,7759,20234.0,11069,79173,61566.0,49.2,38.2,,,NEUTRAL,24
2026-08-23,NATIONAL,150830,30172,35653,55091.0,59259,352104,265180.0,56.9,42.8,,,NEUTRAL,24
2026-08-23,NYISO,7725,884,0,0.0,3129,17491,10854.0,71.2,44.2,,,NEUTRAL,24
2026-08-23,PJM,43957,2695,5519,12892.0,32703,96363,89552.0,49.1,45.6,,,NEUTRAL,24
2026-08-23,SPP,14002,10417,879,12255.0,1926,39582,28183.0,49.7,35.4,,,NEUTRAL,24
2026-08-24,CAISO,13189,2103,7603,0.0,2258,35563,15447.0,85.4,37.1,,,NEUTRAL,24
2026-08-24,ERCOT,34907,14141,13840,8222.0,4582,75801,47711.0,73.2,46.1,,,NEUTRAL,24
2026-08-24,ISONE,7775,465,322,,3540,13699,11315.0,68.7,56.8,,,NEUTRAL,24
2026-08-24,MISO,32776,5875,6802,21006.0,11072,81682,64854.0,50.5,40.1,,,NEUTRAL,24
2026-08-24,NATIONAL,157859,36548,34874,54450.0,59231,364557,271540.0,58.1,43.3,,,NEUTRAL,24
2026-08-24,NYISO,8366,817,0,0.0,3113,17978,11479.0,72.9,46.5,,,NEUTRAL,24
2026-08-24,PJM,45909,1167,5527,13996.0,32750,98576,92655.0,49.5,46.6,,,NEUTRAL,24
2026-08-24,SPP,14937,11979,780,11226.0,1916,41257,28079.0,53.2,36.2,,,NEUTRAL,24
2026-08-25,CAISO,14907,2218,7938,0.0,2257,36786,17164.0,86.9,40.5,,,NEUTRAL,24
2026-08-25,ERCOT,34918,14270,12351,8752.0,4813,75049,48483.0,72.0,46.5,,,NEUTRAL,24
2026-08-25,ISONE,7995,334,286,,3288,13731,11283.0,70.9,58.2,,,NEUTRAL,24
2026-08-25,MISO,33198,6541,7363,22367.0,11064,84359,66629.0,49.8,39.4,,,NEUTRAL,24
2026-08-25,NATIONAL,164140,33428,34517,58710.0,59184,370078,282034.0,58.2,44.4,,,NEUTRAL,24
2026-08-25,NYISO,9114,422,0,0.0,3134,17668,12248.0,74.4,51.6,,,NEUTRAL,24
2026-08-25,PJM,46625,743,5755,14684.0,32714,99879,94023.0,49.6,46.7,,,NEUTRAL,24
2026-08-25,SPP,17383,8901,823,12907.0,1912,42607,32202.0,54.0,40.8,,,NEUTRAL,24
2026-08-26,CAISO,15347,2802,7635,0.0,2257,37148,17604.0,87.2,41.3,,,NEUTRAL,24
2026-08-26,ERCOT,39070,8619,11275,10606.0,4953,74701,54629.0,71.5,52.3,,,NEUTRAL,24
2026-08-26,ISONE,8114,271,311,,3285,13870,11399.0,71.2,58.5,,,NEUTRAL,24
2026-08-26,MISO,34038,9061,6444,23914.0,11044,89003,68996.0,49.3,38.2,,,NEUTRAL,24
2026-08-26,NATIONAL,175792,27694,31677,64544.0,59255,379817,299591.0,58.7,46.3,,,NEUTRAL,24
2026-08-26,NYISO,9068,181,0,0.0,3134,17817,12202.0,74.3,50.9,,,NEUTRAL,24
2026-08-26,PJM,50106,1820,5200,15162.0,32674,103960,97942.0,51.2,48.2,,,NEUTRAL,24
2026-08-26,SPP,20050,4940,812,14862.0,1908,43318,36820.0,54.5,46.3,,,NEUTRAL,24
2026-08-27,CAISO,17689,2657,5230,0.0,2256,38782,19945.0,88.7,45.6,,,NEUTRAL,24
2026-08-27,ERCOT,39996,6871,12163,10208.0,4953,74235,55157.0,72.5,53.9,,,NEUTRAL,24
2026-08-27,ISONE,8916,358,242,,3311,14586,12227.0,72.9,61.1,,,NEUTRAL,24
2026-08-27,MISO,36613,3345,7616,25513.0,11061,88256,73187.0,50.0,41.5,,,NEUTRAL,24
2026-08-27,NATIONAL,186810,19561,30679,67821.0,59275,387588,313906.0,59.5,48.2,,,NEUTRAL,24
2026-08-27,NYISO,9713,828,0,0.0,3115,19190,12828.0,75.7,50.6,,,NEUTRAL,24
2026-08-27,PJM,54468,1326,4567,17185.0,32676,110654,104329.0,52.2,49.2,,,NEUTRAL,24
2026-08-27,SPP,19416,4177,862,14915.0,1903,41886,36234.0,53.6,46.4,,,NEUTRAL,24
2026-08-28,CAISO,17302,1880,5785,0.0,2253,37716,19555.0,88.5,45.9,,,NEUTRAL,24
2026-08-28,ERCOT,40186,5103,12636,10257.0,4957,73378,55400.0,72.5,54.8,,,NEUTRAL,24
2026-08-28,ISONE,9180,419,225,,3309,15506,12489.0,73.5,59.2,,,NEUTRAL,24
2026-08-28,MISO,34948,3689,7930,24116.0,11169,86649,70233.0,49.8,40.3,,,NEUTRAL,24
2026-08-28,NATIONAL,178414,22658,32347,66530.0,59448,383070,304392.0,58.6,46.6,,,NEUTRAL,24
2026-08-28,NYISO,10087,405,0,0.0,3120,18914,13207.0,76.4,53.3,,,NEUTRAL,24
2026-08-28,PJM,52593,475,4836,18493.0,32741,109595,103827.0,50.7,48.0,,,NEUTRAL,24
2026-08-28,SPP,14119,10686,935,13664.0,1900,41312,29683.0,47.6,34.2,,,NEUTRAL,24
2026-08-29,CAISO,11148,3613,6773,0.0,2255,34792,13403.0,83.2,32.0,,,NEUTRAL,24
2026-08-29,ERCOT,31808,10277,13668,9234.0,4957,69970,45999.0,69.1,45.5,,,NEUTRAL,24
2026-08-29,ISONE,6626,666,349,,3284,12783,9910.0,66.9,51.8,,,NEUTRAL,24
2026-08-29,MISO,28546,13398,6487,19757.0,11517,82514,59820.0,47.7,34.6,,,NEUTRAL,24
2026-08-29,NATIONAL,141525,48144,32854,54631.0,59716,358001,255872.0,55.3,39.5,,,NEUTRAL,24
2026-08-29,NYISO,8258,197,0,0.0,3081,16432,11339.0,72.8,50.3,,,NEUTRAL,24
2026-08-29,PJM,45126,1324,4680,15681.0,32726,99923,93533.0,48.2,45.2,,,NEUTRAL,24
2026-08-29,SPP,10012,18670,896,9959.0,1896,41586,21867.0,45.8,24.1,,,NEUTRAL,24
2026-08-30,CAISO,7181,3530,7764,0.0,2260,32176,9441.0,76.1,22.3,,,NEUTRAL,24
2026-08-30,ERCOT,28803,15400,13716,8894.0,4950,71681,42647.0,67.5,40.2,,,NEUTRAL,24
2026-08-30,ISONE,6473,858,228,,3312,12532,9785.0,66.2,51.7,,,NEUTRAL,24
2026-08-30,MISO,29422,11685,6296,20569.0,11691,83236,61682.0,47.7,35.3,,,NEUTRAL,24
2026-08-30,NATIONAL,135648,55304,32941,54968.0,60007,359713,250623.0,54.1,37.7,,,NEUTRAL,24
2026-08-30,NYISO,7995,808,0,0.0,3110,16844,11105.0,72.0,47.5,,,NEUTRAL,24
2026-08-30,PJM,44770,3573,3959,15794.0,32788,100026,93352.0,48.0,44.8,,,NEUTRAL,24
2026-08-30,SPP,11003,19449,978,9711.0,1897,43217,22611.0,48.7,25.5,,,NEUTRAL,24
2026-08-31,CAISO,8058,3235,8165,0.0,2257,32247,10315.0,78.1,25.0,,,NEUTRAL,24
2026-08-31,ERCOT,31201,14860,13271,9240.0,4953,73419,45394.0,68.7,42.5,,,NEUTRAL,24
2026-08-31,ISONE,7716,707,301,,3552,13469,11268.0,68.5,57.3,,,NEUTRAL,24
2026-08-31,MISO,36326,10433,6977,23081.0,11698,92481,71105.0,51.1,39.3,,,NEUTRAL,24
2026-08-31,NATIONAL,160482,48625,33599,64160.0,60149,388434,284791.0,56.4,41.3,,,NEUTRAL,24
2026-08-31,NYISO,9580,260,0,0.0,3137,18656,12717.0,75.3,51.4,,,NEUTRAL,24
2026-08-31,PJM,52981,3300,3928,19975.0,32657,112774,105613.0,50.2,47.0,,,NEUTRAL,24
2026-08-31,SPP,14620,15829,956,11864.0,1895,45389,28379.0,51.5,32.2,,,NEUTRAL,24
2026-09-01,CAISO,6299,2917,8336,0.0,2250,30535,8549.0,73.7,20.6,2704.0,213.0,NEUTRAL,24
2026-09-01,ERCOT,33138,12720,11923,9708.0,4955,72176,47801.0,69.3,45.9,13572.0,-851.0,NEUTRAL,24
2026-09-01,ISONE,8595,326,129,,3565,14032,12160.0,70.7,61.3,528.0,-202.0,NEUTRAL,24
2026-09-01,MISO,41675,4349,7100,27195.0,11680,97754,80550.0,51.7,42.6,6311.0,-1962.0,BULLISH (Wind Drought),24
2026-09-01,NATIONAL,175540,38387,33021,72856.0,59939,402645,308335.0,56.9,43.6,37564.0,823.0,NEUTRAL,24
2026-09-01,NYISO,10892,525,0,0.0,3143,19573,14035.0,77.6,55.6,381.0,144.0,NEUTRAL,24
2026-09-01,PJM,58799,3286,4522,23576.0,32459,122639,114834.0,51.2,47.9,1709.0,1577.0,BEARISH (Strong Wind),24
2026-09-01,SPP,16143,14264,1011,12378.0,1887,45937,30408.0,53.1,35.1,12565.0,1699.0,BEARISH (Strong Wind),24
2026-09-02,CAISO,5027,3072,5228,0.0,2243,32017,7270.0,69.1,15.7,,,NEUTRAL,7
2026-09-02,ERCOT,40946,13657,3217,10331.0,4956,78635,56233.0,72.8,52.1,,,NEUTRAL,5
2026-09-02,ISONE,9050,776,6,,3548,14388,12598.0,71.8,62.9,,,NEUTRAL,4
2026-09-02,MISO,48289,6780,1036,30071.0,11662,106623,90022.0,53.6,45.3,,,NEUTRAL,5
2026-09-02,NATIONAL,208021,39636,15241,84454.0,59702,447580,352177.0,59.1,46.5,,,NEUTRAL,4
2026-09-02,NYISO,12494,361,0,0.0,3142,21586,15636.0,79.9,57.9,,,NEUTRAL,4
2026-09-02,PJM,69220,2720,326,28935.0,32273,137796,130428.0,53.1,50.2,,,NEUTRAL,4
2026-09-02,SPP,19679,15302,318,14178.0,1882,50638,35739.0,55.1,38.9,,,NEUTRAL,5
