date,peak_gas_mw,offpeak_gas_mw,peak_offpeak_ratio,peak_load_mw,offpeak_load_mw,peaker_proxy_pct,sample_hours
2026-02-15,82554,83151,0.99,217762,203539,-0.7,24
2026-02-16,85709,99800,0.86,233652,234061,-16.4,24
2026-02-17,81866,90777,0.9,234827,243945,-10.9,24
2026-02-18,91152,95954,0.95,284876,287097,-5.3,24
2026-02-19,96473,103228,0.93,289418,297948,-7.0,24
2026-02-20,105693,116204,0.91,296116,304253,-9.9,24
2026-02-21,104424,118433,0.88,294841,302299,-13.4,24
2026-02-22,105984,114780,0.92,303704,311291,-8.3,24
2026-02-23,125092,127639,0.98,337437,333344,-2.0,24
2026-02-24,114024,130530,0.87,335844,343274,-14.5,24
2026-02-25,109480,116252,0.94,315412,333646,-6.2,24
2026-02-26,110994,130190,0.85,307316,321463,-17.3,24
2026-02-27,103035,129938,0.79,300939,318650,-26.1,24
2026-02-28,86997,109399,0.8,281199,307312,-25.8,24
2026-03-01,91841,108864,0.84,281000,299751,-18.5,24
2026-03-02,122596,118505,1.03,313158,318353,3.3,24
2026-03-03,121686,132537,0.92,316607,333606,-8.9,24
2026-03-04,123021,135241,0.91,301095,324196,-9.9,24
2026-03-05,112437,133173,0.84,300232,314265,-18.4,24
2026-03-06,99469,111108,0.9,300750,314394,-11.7,24
2026-03-07,85677,107654,0.8,283849,307586,-25.7,24
2026-03-08,86617,102355,0.85,267235,287835,-18.2,24
2026-03-09,84248,92359,0.91,284119,286514,-9.6,24
2026-03-10,87058,100901,0.86,289353,298329,-15.9,24
2026-03-11,89050,98513,0.9,290099,301268,-10.6,24
2026-03-12,93099,100243,0.93,298233,300825,-7.7,24
2026-03-13,90584,103847,0.87,302757,306959,-14.6,24
2026-03-14,86102,105308,0.82,280607,297560,-22.3,24
2026-03-15,77322,90737,0.85,281252,294850,-17.3,24
2026-03-16,96923,95756,1.01,302739,297852,1.2,24
2026-03-17,110129,119406,0.92,325670,322472,-8.4,24
2026-03-18,114139,119759,0.95,319245,329731,-4.9,24
2026-03-19,112697,128830,0.87,304935,317153,-14.3,24
2026-03-20,95847,124792,0.77,292685,311116,-30.2,24
2026-03-21,86551,116531,0.74,272335,302068,-34.6,24
2026-03-22,74240,91781,0.81,271308,296222,-23.6,24
2026-03-23,97645,99481,0.98,293689,299325,-1.9,24
2026-03-24,104312,125833,0.83,296127,309485,-20.6,24
2026-03-25,93074,110349,0.84,295572,310023,-18.6,24
2026-03-26,82534,103903,0.79,294423,310993,-25.9,24
2026-03-27,88188,99560,0.89,289167,308678,-12.9,24
2026-03-28,90975,108259,0.84,275290,296977,-19.0,24
2026-03-29,76234,100364,0.76,267953,287311,-31.7,24
2026-03-30,82582,96144,0.86,286805,292990,-16.4,24
2026-03-31,87349,100451,0.87,292278,306002,-15.0,24
2026-04-01,98683,110594,0.89,294986,309279,-12.1,24
2026-04-02,101335,103031,0.98,297868,308809,-1.7,24
2026-04-03,90180,102354,0.88,286838,304258,-13.5,24
2026-04-04,78925,98753,0.8,269815,292901,-25.1,24
2026-04-05,74078,94351,0.79,258082,277224,-27.4,24
2026-04-06,87610,95334,0.92,276137,271879,-8.8,24
2026-04-07,86325,106199,0.81,285918,291753,-23.0,24
2026-04-08,84656,104907,0.81,285491,297001,-23.9,24
2026-04-09,87752,100890,0.87,285287,298409,-15.0,24
2026-04-10,97211,106752,0.91,283357,295967,-9.8,24
2026-04-11,77886,107401,0.73,264029,286829,-37.9,24
2026-04-12,77256,94779,0.82,263280,281682,-22.7,24
2026-04-13,92400,93641,0.99,292843,291924,-1.3,24
2026-04-14,99221,111159,0.89,297760,313546,-12.0,24
2026-04-15,107468,120861,0.89,301452,320714,-12.5,24
2026-04-16,105974,128812,0.82,302969,320623,-21.6,24
2026-04-17,94811,117367,0.81,299937,321933,-23.8,24
2026-04-18,77383,103187,0.75,266598,301478,-33.3,24
2026-04-19,74982,99953,0.75,256530,271808,-33.3,24
2026-04-20,76961,99374,0.77,234322,262519,-29.1,24
2026-04-21,92532,105488,0.88,282712,289880,-14.0,24
2026-04-22,93841,103859,0.9,286150,292310,-10.7,24
2026-04-23,14975,68568,0.22,23539,197752,-357.9,24
2026-04-24,99049,107979,0.92,288140,307188,-9.0,24
2026-04-25,93440,118535,0.79,273200,296526,-26.9,24
2026-04-26,82560,98603,0.84,239567,259269,-19.4,24
2026-04-27,92362,101581,0.91,295106,298571,-10.0,24
2026-04-28,99372,117042,0.85,293386,307015,-17.8,24
2026-04-29,105472,123142,0.86,288811,301481,-16.8,24
2026-04-30,107911,123313,0.88,285992,292360,-14.3,24
2026-05-01,103813,120027,0.86,273583,286233,-15.6,24
2026-05-02,85776,109947,0.78,258938,275779,-28.2,24
2026-05-03,68816,98151,0.7,259696,273420,-42.6,24
2026-05-04,64533,83208,0.78,281134,284235,-28.9,24
2026-05-05,87676,95396,0.92,286277,301049,-8.8,24
2026-05-06,97968,116247,0.84,258164,294238,-18.7,24
2026-05-07,93350,106214,0.88,249375,263428,-13.8,24
2026-05-08,94444,109335,0.86,278288,289206,-15.8,24
2026-05-09,93307,104339,0.89,272493,288982,-11.8,24
2026-05-10,83648,96831,0.86,265480,291862,-15.8,24
2026-05-11,96098,108714,0.88,280382,290577,-13.1,24
2026-05-12,84579,117066,0.72,286291,303876,-38.4,24
2026-05-13,91196,110547,0.82,291371,310100,-21.2,24
2026-05-14,82949,109647,0.76,294793,311597,-32.2,24
2026-05-15,84396,103196,0.82,296488,313414,-22.3,24
2026-05-16,77887,99750,0.78,282998,312588,-28.1,24
2026-05-17,72909,100693,0.72,258694,309312,-38.1,24
2026-05-18,104922,119050,0.88,332996,343668,-13.5,24
2026-05-19,118642,136177,0.87,340803,360934,-14.8,24
2026-05-20,125818,148255,0.85,317526,346182,-17.8,24
2026-05-21,112317,135892,0.83,292910,322343,-21.0,24
2026-05-22,105252,115810,0.91,290707,304055,-10.0,24
2026-05-23,90076,108251,0.83,245704,294639,-20.2,24
2026-05-24,99232,114150,0.87,272520,289998,-15.0,24
2026-05-25,96216,113770,0.85,281666,299983,-18.2,24
2026-05-26,110912,121932,0.91,307590,321820,-9.9,24
2026-05-27,123409,142596,0.87,317105,338812,-15.5,24
2026-05-28,85983,137426,0.63,223769,313229,-59.8,24
2026-05-29,82477,99802,0.83,222296,237349,-21.0,24
2026-05-30,60689,84254,0.72,210322,239238,-38.8,24
2026-05-31,62121,77012,0.81,205433,227831,-24.0,24
2026-06-01,74621,91480,0.82,227024,239762,-22.6,24
2026-06-02,47215,82822,0.57,139988,216154,-75.4,24
2026-06-03,48308,54212,0.89,131670,147786,-12.2,24
2026-06-04,49396,56214,0.88,136609,148103,-13.8,24
2026-06-05,81773,101802,0.8,231340,250088,-24.5,24
2026-06-06,49084,91710,0.54,133979,222329,-86.8,24
2026-06-07,37762,53578,0.7,130987,145474,-41.9,24
2026-06-08,77674,88970,0.87,238644,252212,-14.5,24
2026-06-09,126328,149461,0.85,349592,373717,-18.3,24
2026-06-10,132818,154171,0.86,371581,394536,-16.1,24
2026-06-11,144301,162920,0.89,382350,405364,-12.9,24
2026-06-12,145583,173542,0.84,370583,408055,-19.2,24
2026-06-13,124174,157338,0.79,341284,390033,-26.7,24
2026-06-14,117738,142088,0.83,324977,370654,-20.7,24
2026-06-15,131072,148004,0.89,322762,347280,-12.9,24
2026-06-16,110494,141141,0.78,316441,342678,-27.7,24
2026-06-17,109239,132648,0.82,333375,350712,-21.4,24
2026-06-18,120442,134663,0.89,345648,366103,-11.8,24
2026-06-19,113995,149485,0.76,294244,354477,-31.1,24
2026-06-20,110367,139333,0.79,304065,338954,-26.2,24
2026-06-21,97382,127185,0.77,302723,336659,-30.6,24
2026-06-22,114405,133416,0.86,337264,347806,-16.6,24
2026-06-23,125711,148687,0.85,335478,356332,-18.3,24
2026-06-24,120855,142935,0.85,330041,357023,-18.3,24
2026-06-25,125460,145583,0.86,339762,366117,-16.0,24
2026-06-26,127616,146260,0.87,346005,370283,-14.6,24
2026-06-27,112640,137112,0.82,329728,366225,-21.7,24
2026-06-28,104865,130512,0.8,335171,363347,-24.5,24
2026-06-29,116619,140742,0.83,384612,391734,-20.7,24
2026-06-30,138963,165311,0.84,396272,427388,-19.0,24
2026-07-01,151800,175156,0.87,406339,436723,-15.4,24
2026-07-02,161171,188833,0.85,414712,448943,-17.2,24
2026-07-03,155166,185876,0.83,402861,446978,-19.8,24
2026-07-04,144530,176632,0.82,376694,423017,-22.2,24
2026-07-05,138857,171029,0.81,348848,388873,-23.2,24
2026-07-06,153617,168815,0.91,369168,390371,-9.9,24
2026-07-07,151214,173881,0.87,368662,398236,-15.0,24
2026-07-08,146890,173184,0.85,373391,401615,-17.9,24
2026-07-09,150800,181088,0.83,387968,418515,-20.1,24
2026-07-10,154997,183872,0.84,386070,418207,-18.6,24
2026-07-11,156001,174971,0.89,357531,402720,-12.2,24
2026-07-12,141764,166188,0.85,346050,384797,-17.2,24
2026-07-13,144607,170813,0.85,329083,380272,-18.1,24
2026-07-14,167570,190685,0.88,386045,415333,-13.8,24
2026-07-15,178400,200502,0.89,402261,434879,-12.4,24
2026-07-16,172577,197400,0.87,396803,431536,-14.4,24
2026-07-17,164295,189038,0.87,387312,422840,-15.1,24
2026-07-18,144729,175995,0.82,377535,415309,-21.6,24
2026-07-19,143076,169372,0.84,352913,398902,-18.4,24
2026-07-20,146938,171561,0.86,367270,397367,-16.8,24
2026-07-21,160667,184914,0.87,394829,415260,-15.1,24
2026-07-22,160230,187501,0.85,375053,413161,-17.0,24
2026-07-23,148044,179780,0.82,351821,394294,-21.4,24
2026-07-24,147452,166353,0.89,352400,383176,-12.8,24
2026-07-25,131157,161698,0.81,345521,383971,-23.3,24
2026-07-26,109961,110344,1.0,270496,249817,-0.3,24
2026-07-27,128657,145628,0.88,303094,316451,-13.2,24
2026-07-28,130232,150316,0.87,298154,320540,-15.4,24
2026-07-29,167496,145431,1.15,396585,331175,13.2,24
2026-07-30,163832,141814,1.16,401035,328880,13.4,24
2026-07-31,171697,150132,1.14,410697,341204,12.6,24
2026-08-01,163970,152386,1.08,383295,334728,7.1,24
2026-08-02,164222,154497,1.06,379576,326500,5.9,24
2026-08-03,168574,145535,1.16,415804,334034,13.7,24
2026-08-04,170578,140884,1.21,411653,334995,17.4,24
2026-08-05,176419,148660,1.19,419204,343600,15.7,24
2026-08-06,191755,160053,1.2,430122,353062,16.5,24
2026-08-07,192673,162880,1.18,431940,356289,15.5,24
2026-08-08,178534,158566,1.13,409051,343927,11.2,24
2026-08-09,171517,148232,1.16,408152,338936,13.6,24
2026-08-10,187247,153893,1.22,431871,351478,17.8,24
2026-08-11,182536,156365,1.17,423760,355296,14.3,24
2026-08-12,177088,152757,1.16,420119,351680,13.7,24
2026-08-13,176704,149887,1.18,424922,352774,15.2,24
2026-08-14,170804,149354,1.14,414846,351765,12.6,24
2026-08-15,162601,143168,1.14,392102,338577,12.0,24
2026-08-16,167729,150088,1.12,389903,334668,10.5,24
2026-08-17,194237,158984,1.22,416823,338267,18.1,24
2026-08-18,187115,158224,1.18,418375,342254,15.4,24
2026-08-19,190086,157043,1.21,416897,343709,17.4,24
2026-08-20,188995,161370,1.17,414129,342176,14.6,24
2026-08-21,179566,156568,1.15,401910,335726,12.8,24
2026-08-22,161018,147647,1.09,378765,326388,8.3,24
2026-08-23,154566,144019,1.07,370868,316066,6.8,24
2026-08-24,168542,142975,1.18,389298,320715,15.2,24
2026-08-25,173964,150185,1.16,394650,325940,13.7,24
2026-08-26,189497,157503,1.2,406945,332107,16.9,24
2026-08-27,192803,170980,1.13,409654,338942,11.3,24
2026-08-28,180019,160875,1.12,405438,332092,10.6,24
2026-08-29,139790,130416,1.07,374021,318546,6.7,24
2026-08-30,146448,121925,1.2,385320,320021,16.7,24
2026-08-31,178241,139212,1.28,419639,337992,21.9,24
2026-09-01,189270,150637,1.26,432383,348522,20.4,24
2026-09-02,179986,147046,1.22,429403,353711,18.3,24
2026-09-03,179707,144092,1.25,429594,355372,19.8,24
2026-09-04,178530,147014,1.21,422575,351782,17.7,24
2026-09-05,158881,140810,1.13,384409,335120,11.4,24
2026-09-06,147129,134320,1.1,359757,314910,8.7,24
2026-09-07,137843,124526,1.11,368100,305192,9.7,24
2026-09-08,168984,133004,1.27,404275,320021,21.3,24
2026-09-09,188323,154720,1.22,419839,342564,17.8,24
2026-09-10,179789,159121,1.13,406702,344202,11.5,24
2026-09-11,158383,142472,1.11,389117,329443,10.0,24
2026-09-12,146691,127796,1.15,369788,316403,12.9,24
2026-09-13,144855,132525,1.09,368310,315204,8.5,24
2026-09-14,130128,122810,1.06,366411,313016,5.6,24
2026-09-15,148934,121676,1.22,375876,310819,18.3,24
2026-09-16,169465,142849,1.19,385341,318541,15.7,24
2026-09-17,176262,149272,1.18,394836,325026,15.3,24
2026-09-18,158524,137723,1.15,382854,323646,13.1,24
2026-09-19,140787,122687,1.15,347213,303530,12.9,24
2026-09-20,144210,127174,1.13,346932,297295,11.8,24
2026-09-21,144402,128563,1.12,350726,298266,11.0,24
2026-09-22,135888,126348,1.08,340878,288670,7.0,23
