date,ECMWF,ECMWF_AIFS,GFS,GOOGLE_WN2,physics_mean,ai_mean,disagreement_hdd,disagreement_abs,volatility_risk_score
2026-09-29,3.8975,4.08,3.595,1.22,3.74625,2.65,-1.09625,1.09625,21.9
2026-09-30,3.8975,3.9475,3.5175,1.78,3.7075,2.86375,-0.84375,0.84375,16.9
2026-10-01,4.22,4.0625,3.59,4.35,3.905,4.20625,0.30125,0.30125,6.0
2026-10-02,4.03,3.945,3.3600000000000003,4.11,3.6950000000000003,4.0275,0.3324999999999996,0.3324999999999996,6.6
2026-10-03,3.905,3.9825,3.3925,0.17,3.6487499999999997,2.07625,-1.5724999999999998,1.5724999999999998,31.4
2026-10-04,3.9925,4.175000000000001,3.2325,2.72,3.6125,3.4475000000000007,-0.16499999999999915,0.16499999999999915,3.3
2026-10-05,4.1175,3.9975,3.5700000000000003,4.03,3.84375,4.01375,0.16999999999999993,0.16999999999999993,3.4
2026-10-06,4.395,4.6225,3.8075,5.85,4.10125,5.23625,1.1349999999999998,1.1349999999999998,22.7
2026-10-07,4.5675,5.2775,3.645,6.35,4.10625,5.81375,1.7074999999999996,1.7074999999999996,34.1
2026-10-08,4.555,5.484999999999999,3.7375,5.6,4.14625,5.5424999999999995,1.3962499999999993,1.3962499999999993,27.9
2026-10-09,4.51,5.775,3.9475,5.48,4.22875,5.6275,1.3987500000000006,1.3987500000000006,28.0
2026-10-10,4.65,5.7625,3.066666666666667,,3.8583333333333334,5.7625,1.9041666666666668,1.9041666666666668,38.1
2026-10-11,,5.2925,4.3175,,4.3175,5.2925,0.9750000000000005,0.9750000000000005,19.5
2026-10-12,,5.42,3.62,,3.62,5.42,1.7999999999999998,1.7999999999999998,36.0
2026-10-13,,4.8825,4.4675,,4.4675,4.8825,0.41500000000000004,0.41500000000000004,8.3
2026-10-14,,,5.0725,,5.0725,,,,
