date,tdd_latest,hdd_latest,cdd_latest,tdd_gw_latest,hdd_gw_latest,cdd_gw_latest,tdd_prev,hdd_prev,cdd_prev,tdd_gw_prev,hdd_gw_prev,cdd_gw_prev,tdd_change,hdd_change,cdd_change,tdd_gw_change,hdd_gw_change,cdd_gw_change,model,run_latest,run_prev
2026-10-01,3.83,0.0,3.83,3.83,0.0,3.83,4.13,0.0,4.13,4.13,0.0,4.13,-0.2999999999999998,0.0,-0.2999999999999998,-0.2999999999999998,0.0,-0.2999999999999998,AIFS_ENS,20261001_12,20261001_00
2026-10-02,3.44,0.0,3.44,3.44,0.0,3.44,4.25,0.0,4.25,4.25,0.0,4.25,-0.81,0.0,-0.81,-0.81,0.0,-0.81,AIFS_ENS,20261001_12,20261001_00
2026-10-03,2.3,2.3,0.0,2.3,2.3,0.0,1.7,1.7,0.0,1.7,1.7,0.0,0.5999999999999999,0.5999999999999999,0.0,0.5999999999999999,0.5999999999999999,0.0,AIFS_ENS,20261001_12,20261001_00
2026-10-04,3.7,3.7,0.0,3.7,3.7,0.0,3.65,3.65,0.0,3.65,3.65,0.0,0.050000000000000266,0.050000000000000266,0.0,0.050000000000000266,0.050000000000000266,0.0,AIFS_ENS,20261001_12,20261001_00
2026-10-05,4.1,4.1,0.0,4.1,4.1,0.0,4.12,4.12,0.0,4.12,4.12,0.0,-0.020000000000000462,-0.020000000000000462,0.0,-0.020000000000000462,-0.020000000000000462,0.0,AIFS_ENS,20261001_12,20261001_00
2026-10-06,7.17,7.17,0.0,7.17,7.17,0.0,8.46,8.46,0.0,8.46,8.46,0.0,-1.290000000000001,-1.290000000000001,0.0,-1.290000000000001,-1.290000000000001,0.0,AIFS_ENS,20261001_12,20261001_00
2026-10-07,5.36,5.36,0.0,5.36,5.36,0.0,7.91,7.91,0.0,7.91,7.91,0.0,-2.55,-2.55,0.0,-2.55,-2.55,0.0,AIFS_ENS,20261001_12,20261001_00
2026-10-08,1.38,1.38,0.0,1.38,1.38,0.0,3.38,3.38,0.0,3.38,3.38,0.0,-2.0,-2.0,0.0,-2.0,-2.0,0.0,AIFS_ENS,20261001_12,20261001_00
2026-10-09,2.47,2.47,0.0,2.47,2.47,0.0,4.06,4.06,0.0,4.06,4.06,0.0,-1.5899999999999994,-1.5899999999999994,0.0,-1.5899999999999994,-1.5899999999999994,0.0,AIFS_ENS,20261001_12,20261001_00
2026-10-10,6.51,6.51,0.0,6.51,6.51,0.0,8.28,8.28,0.0,8.28,8.28,0.0,-1.7699999999999996,-1.7699999999999996,0.0,-1.7699999999999996,-1.7699999999999996,0.0,AIFS_ENS,20261001_12,20261001_00
2026-10-11,6.47,6.47,0.0,6.47,6.47,0.0,5.67,5.67,0.0,5.67,5.67,0.0,0.7999999999999998,0.7999999999999998,0.0,0.7999999999999998,0.7999999999999998,0.0,AIFS_ENS,20261001_12,20261001_00
2026-10-12,1.93,1.93,0.0,1.93,1.93,0.0,7.71,7.71,0.0,7.71,7.71,0.0,-5.78,-5.78,0.0,-5.78,-5.78,0.0,AIFS_ENS,20261001_12,20261001_00
2026-10-13,5.85,5.85,0.0,5.85,5.85,0.0,12.87,12.87,0.0,12.87,12.87,0.0,-7.02,-7.02,0.0,-7.02,-7.02,0.0,AIFS_ENS,20261001_12,20261001_00
2026-10-14,7.53,7.53,0.0,7.53,7.53,0.0,9.07,9.07,0.0,9.07,9.07,0.0,-1.54,-1.54,0.0,-1.54,-1.54,0.0,AIFS_ENS,20261001_12,20261001_00
2026-10-15,4.74,4.74,0.0,4.74,4.74,0.0,11.0,11.0,0.0,11.0,11.0,0.0,-6.26,-6.26,0.0,-6.26,-6.26,0.0,AIFS_ENS,20261001_12,20261001_00
2026-10-01,2.91,0.0,2.91,2.91,0.0,2.91,2.91,0.0,2.91,2.91,0.0,2.91,0.0,0.0,0.0,0.0,0.0,0.0,AIGEFS,20261001_12,20261001_06
2026-10-02,2.1,0.0,2.1,2.1,0.0,2.1,2.1,0.0,2.1,2.1,0.0,2.1,0.0,0.0,0.0,0.0,0.0,0.0,AIGEFS,20261001_12,20261001_06
2026-10-03,3.45,3.45,0.0,3.45,3.45,0.0,3.45,3.45,0.0,3.45,3.45,0.0,0.0,0.0,0.0,0.0,0.0,0.0,AIGEFS,20261001_12,20261001_06
2026-10-04,5.12,5.12,0.0,5.12,5.12,0.0,5.12,5.12,0.0,5.12,5.12,0.0,0.0,0.0,0.0,0.0,0.0,0.0,AIGEFS,20261001_12,20261001_06
2026-10-05,5.82,5.82,0.0,5.82,5.82,0.0,5.82,5.82,0.0,5.82,5.82,0.0,0.0,0.0,0.0,0.0,0.0,0.0,AIGEFS,20261001_12,20261001_06
2026-10-06,10.95,10.95,0.0,10.95,10.95,0.0,10.95,10.95,0.0,10.95,10.95,0.0,0.0,0.0,0.0,0.0,0.0,0.0,AIGEFS,20261001_12,20261001_06
2026-10-07,8.83,8.83,0.0,8.83,8.83,0.0,8.83,8.83,0.0,8.83,8.83,0.0,0.0,0.0,0.0,0.0,0.0,0.0,AIGEFS,20261001_12,20261001_06
2026-10-08,5.97,5.97,0.0,5.97,5.97,0.0,5.97,5.97,0.0,5.97,5.97,0.0,0.0,0.0,0.0,0.0,0.0,0.0,AIGEFS,20261001_12,20261001_06
2026-10-09,4.89,4.89,0.0,4.89,4.89,0.0,4.89,4.89,0.0,4.89,4.89,0.0,0.0,0.0,0.0,0.0,0.0,0.0,AIGEFS,20261001_12,20261001_06
2026-10-10,2.2,2.2,0.0,2.2,2.2,0.0,2.2,2.2,0.0,2.2,2.2,0.0,0.0,0.0,0.0,0.0,0.0,0.0,AIGEFS,20261001_12,20261001_06
2026-10-11,1.31,1.31,0.0,1.31,1.31,0.0,1.31,1.31,0.0,1.31,1.31,0.0,0.0,0.0,0.0,0.0,0.0,0.0,AIGEFS,20261001_12,20261001_06
2026-10-12,0.19,0.19,0.0,0.19,0.19,0.0,0.19,0.19,0.0,0.19,0.19,0.0,0.0,0.0,0.0,0.0,0.0,0.0,AIGEFS,20261001_12,20261001_06
2026-10-13,1.27,1.27,0.0,1.27,1.27,0.0,1.27,1.27,0.0,1.27,1.27,0.0,0.0,0.0,0.0,0.0,0.0,0.0,AIGEFS,20261001_12,20261001_06
2026-10-14,4.37,4.37,0.0,4.37,4.37,0.0,4.37,4.37,0.0,4.37,4.37,0.0,0.0,0.0,0.0,0.0,0.0,0.0,AIGEFS,20261001_12,20261001_06
2026-10-15,6.58,6.58,0.0,6.58,6.58,0.0,6.58,6.58,0.0,6.58,6.58,0.0,0.0,0.0,0.0,0.0,0.0,0.0,AIGEFS,20261001_12,20261001_06
2026-10-16,8.29,8.29,0.0,8.29,8.29,0.0,8.29,8.29,0.0,8.29,8.29,0.0,0.0,0.0,0.0,0.0,0.0,0.0,AIGEFS,20261001_12,20261001_06
2026-10-02,3.05,0.0,3.05,3.05,0.0,3.05,3.38,0.0,3.38,3.38,0.0,3.38,-0.33000000000000007,0.0,-0.33000000000000007,-0.33000000000000007,0.0,-0.33000000000000007,AIGFS,20261001_00,20260930_00
2026-10-03,2.23,2.23,0.0,2.23,2.23,0.0,1.79,1.79,0.0,1.79,1.79,0.0,0.43999999999999995,0.43999999999999995,0.0,0.43999999999999995,0.43999999999999995,0.0,AIGFS,20261001_00,20260930_00
2026-10-04,4.33,4.33,0.0,4.33,4.33,0.0,4.05,4.05,0.0,4.05,4.05,0.0,0.28000000000000025,0.28000000000000025,0.0,0.28000000000000025,0.28000000000000025,0.0,AIGFS,20261001_00,20260930_00
2026-10-05,4.91,4.91,0.0,4.91,4.91,0.0,5.96,5.96,0.0,5.96,5.96,0.0,-1.0499999999999998,-1.0499999999999998,0.0,-1.0499999999999998,-1.0499999999999998,0.0,AIGFS,20261001_00,20260930_00
2026-10-06,10.07,10.07,0.0,10.07,10.07,0.0,10.99,10.99,0.0,10.99,10.99,0.0,-0.9199999999999999,-0.9199999999999999,0.0,-0.9199999999999999,-0.9199999999999999,0.0,AIGFS,20261001_00,20260930_00
2026-10-07,9.1,9.1,0.0,9.1,9.1,0.0,8.65,8.65,0.0,8.65,8.65,0.0,0.4499999999999993,0.4499999999999993,0.0,0.4499999999999993,0.4499999999999993,0.0,AIGFS,20261001_00,20260930_00
2026-10-08,3.57,3.57,0.0,3.57,3.57,0.0,4.33,4.33,0.0,4.33,4.33,0.0,-0.7600000000000002,-0.7600000000000002,0.0,-0.7600000000000002,-0.7600000000000002,0.0,AIGFS,20261001_00,20260930_00
2026-10-09,0.2,0.2,0.0,0.2,0.2,0.0,6.56,6.56,0.0,6.56,6.56,0.0,-6.359999999999999,-6.359999999999999,0.0,-6.359999999999999,-6.359999999999999,0.0,AIGFS,20261001_00,20260930_00
2026-10-10,3.29,3.29,0.0,3.29,3.29,0.0,6.34,6.34,0.0,6.34,6.34,0.0,-3.05,-3.05,0.0,-3.05,-3.05,0.0,AIGFS,20261001_00,20260930_00
2026-10-11,5.48,5.48,0.0,5.48,5.48,0.0,2.88,2.88,0.0,2.88,2.88,0.0,2.6000000000000005,2.6000000000000005,0.0,2.6000000000000005,2.6000000000000005,0.0,AIGFS,20261001_00,20260930_00
2026-10-12,4.25,4.25,0.0,4.25,4.25,0.0,7.57,7.57,0.0,7.57,7.57,0.0,-3.3200000000000003,-3.3200000000000003,0.0,-3.3200000000000003,-3.3200000000000003,0.0,AIGFS,20261001_00,20260930_00
2026-10-13,4.96,4.96,0.0,4.96,4.96,0.0,16.04,16.04,0.0,16.04,16.04,0.0,-11.079999999999998,-11.079999999999998,0.0,-11.079999999999998,-11.079999999999998,0.0,AIGFS,20261001_00,20260930_00
2026-10-14,4.87,4.87,0.0,4.87,4.87,0.0,14.04,14.04,0.0,14.04,14.04,0.0,-9.169999999999998,-9.169999999999998,0.0,-9.169999999999998,-9.169999999999998,0.0,AIGFS,20261001_00,20260930_00
2026-10-15,5.92,5.92,0.0,5.92,5.92,0.0,9.45,9.45,0.0,9.45,9.45,0.0,-3.5299999999999994,-3.5299999999999994,0.0,-3.5299999999999994,-3.5299999999999994,0.0,AIGFS,20261001_00,20260930_00
2026-10-01,3.63,0.0,3.63,3.63,0.0,3.63,3.39,0.0,3.39,3.39,0.0,3.39,0.23999999999999977,0.0,0.23999999999999977,0.23999999999999977,0.0,0.23999999999999977,CMC_ENS,20261001_12,20261001_00
2026-10-02,3.46,0.0,3.46,3.46,0.0,3.46,3.12,0.0,3.12,3.12,0.0,3.12,0.33999999999999986,0.0,0.33999999999999986,0.33999999999999986,0.0,0.33999999999999986,CMC_ENS,20261001_12,20261001_00
2026-10-03,2.46,2.46,0.0,2.46,2.46,0.0,2.58,2.58,0.0,2.58,2.58,0.0,-0.1200000000000001,-0.1200000000000001,0.0,-0.1200000000000001,-0.1200000000000001,0.0,CMC_ENS,20261001_12,20261001_00
2026-10-04,4.16,4.16,0.0,4.16,4.16,0.0,4.33,4.33,0.0,4.33,4.33,0.0,-0.16999999999999993,-0.16999999999999993,0.0,-0.16999999999999993,-0.16999999999999993,0.0,CMC_ENS,20261001_12,20261001_00
2026-10-05,3.71,3.71,0.0,3.71,3.71,0.0,4.59,4.59,0.0,4.59,4.59,0.0,-0.8799999999999999,-0.8799999999999999,0.0,-0.8799999999999999,-0.8799999999999999,0.0,CMC_ENS,20261001_12,20261001_00
2026-10-06,8.1,8.1,0.0,8.1,8.1,0.0,8.96,8.96,0.0,8.96,8.96,0.0,-0.8600000000000012,-0.8600000000000012,0.0,-0.8600000000000012,-0.8600000000000012,0.0,CMC_ENS,20261001_12,20261001_00
2026-10-07,7.5,7.5,0.0,7.5,7.5,0.0,8.69,8.69,0.0,8.69,8.69,0.0,-1.1899999999999995,-1.1899999999999995,0.0,-1.1899999999999995,-1.1899999999999995,0.0,CMC_ENS,20261001_12,20261001_00
2026-10-08,3.2,3.2,0.0,3.2,3.2,0.0,4.46,4.46,0.0,4.46,4.46,0.0,-1.2599999999999998,-1.2599999999999998,0.0,-1.2599999999999998,-1.2599999999999998,0.0,CMC_ENS,20261001_12,20261001_00
2026-10-09,0.88,0.88,0.0,0.88,0.88,0.0,4.85,4.85,0.0,4.85,4.85,0.0,-3.9699999999999998,-3.9699999999999998,0.0,-3.9699999999999998,-3.9699999999999998,0.0,CMC_ENS,20261001_12,20261001_00
2026-10-10,3.1,3.1,0.0,3.1,3.1,0.0,3.07,3.07,0.0,3.07,3.07,0.0,0.03000000000000025,0.03000000000000025,0.0,0.03000000000000025,0.03000000000000025,0.0,CMC_ENS,20261001_12,20261001_00
2026-10-11,5.71,5.71,0.0,5.71,5.71,0.0,1.43,1.43,0.0,1.43,1.43,0.0,4.28,4.28,0.0,4.28,4.28,0.0,CMC_ENS,20261001_12,20261001_00
2026-10-12,3.23,3.23,0.0,3.23,3.23,0.0,5.24,5.24,0.0,5.24,5.24,0.0,-2.0100000000000002,-2.0100000000000002,0.0,-2.0100000000000002,-2.0100000000000002,0.0,CMC_ENS,20261001_12,20261001_00
2026-10-13,7.96,7.96,0.0,7.96,7.96,0.0,11.77,11.77,0.0,11.77,11.77,0.0,-3.8099999999999996,-3.8099999999999996,0.0,-3.8099999999999996,-3.8099999999999996,0.0,CMC_ENS,20261001_12,20261001_00
2026-10-14,13.36,13.36,0.0,13.36,13.36,0.0,11.9,11.9,0.0,11.9,11.9,0.0,1.459999999999999,1.459999999999999,0.0,1.459999999999999,1.459999999999999,0.0,CMC_ENS,20261001_12,20261001_00
2026-10-15,10.9,10.9,0.0,10.9,10.9,0.0,14.24,14.24,0.0,14.24,14.24,0.0,-3.34,-3.34,0.0,-3.34,-3.34,0.0,CMC_ENS,20261001_12,20261001_00
2026-10-16,8.9,8.9,0.0,8.9,8.9,0.0,10.13,10.13,0.0,10.13,10.13,0.0,-1.2300000000000004,-1.2300000000000004,0.0,-1.2300000000000004,-1.2300000000000004,0.0,CMC_ENS,20261001_12,20261001_00
2026-10-01,3.35,0.0,3.35,3.35,0.0,3.35,3.67,0.0,3.67,3.67,0.0,3.67,-0.31999999999999984,0.0,-0.31999999999999984,-0.31999999999999984,0.0,-0.31999999999999984,EC46,20261001_00,20260930_00
2026-10-02,3.14,0.0,3.14,3.14,0.0,3.14,3.76,0.0,3.76,3.76,0.0,3.76,-0.6199999999999997,0.0,-0.6199999999999997,-0.6199999999999997,0.0,-0.6199999999999997,EC46,20261001_00,20260930_00
2026-10-03,2.68,2.68,0.0,2.68,2.68,0.0,2.24,2.24,0.0,2.24,2.24,0.0,0.43999999999999995,0.43999999999999995,0.0,0.43999999999999995,0.43999999999999995,0.0,EC46,20261001_00,20260930_00
2026-10-04,4.44,4.44,0.0,4.44,4.44,0.0,5.05,5.05,0.0,5.05,5.05,0.0,-0.6099999999999994,-0.6099999999999994,0.0,-0.6099999999999994,-0.6099999999999994,0.0,EC46,20261001_00,20260930_00
2026-10-05,4.58,4.58,0.0,4.58,4.58,0.0,3.69,3.69,0.0,3.69,3.69,0.0,0.8900000000000001,0.8900000000000001,0.0,0.8900000000000001,0.8900000000000001,0.0,EC46,20261001_00,20260930_00
2026-10-06,8.21,8.21,0.0,8.21,8.21,0.0,6.59,6.59,0.0,6.59,6.59,0.0,1.620000000000001,1.620000000000001,0.0,1.620000000000001,1.620000000000001,0.0,EC46,20261001_00,20260930_00
2026-10-07,7.41,7.41,0.0,7.41,7.41,0.0,7.4,7.4,0.0,7.4,7.4,0.0,0.009999999999999787,0.009999999999999787,0.0,0.009999999999999787,0.009999999999999787,0.0,EC46,20261001_00,20260930_00
2026-10-08,3.09,3.09,0.0,3.09,3.09,0.0,4.48,4.48,0.0,4.48,4.48,0.0,-1.3900000000000006,-1.3900000000000006,0.0,-1.3900000000000006,-1.3900000000000006,0.0,EC46,20261001_00,20260930_00
2026-10-09,1.97,1.97,0.0,1.97,1.97,0.0,5.62,5.62,0.0,5.62,5.62,0.0,-3.6500000000000004,-3.6500000000000004,0.0,-3.6500000000000004,-3.6500000000000004,0.0,EC46,20261001_00,20260930_00
2026-10-10,6.09,6.09,0.0,6.09,6.09,0.0,7.98,7.98,0.0,7.98,7.98,0.0,-1.8900000000000006,-1.8900000000000006,0.0,-1.8900000000000006,-1.8900000000000006,0.0,EC46,20261001_00,20260930_00
2026-10-11,5.66,5.66,0.0,5.66,5.66,0.0,6.89,6.89,0.0,6.89,6.89,0.0,-1.2299999999999995,-1.2299999999999995,0.0,-1.2299999999999995,-1.2299999999999995,0.0,EC46,20261001_00,20260930_00
2026-10-12,3.7,3.7,0.0,3.7,3.7,0.0,3.93,3.93,0.0,3.93,3.93,0.0,-0.22999999999999998,-0.22999999999999998,0.0,-0.22999999999999998,-0.22999999999999998,0.0,EC46,20261001_00,20260930_00
2026-10-13,3.56,3.56,0.0,3.56,3.56,0.0,7.77,7.77,0.0,7.77,7.77,0.0,-4.209999999999999,-4.209999999999999,0.0,-4.209999999999999,-4.209999999999999,0.0,EC46,20261001_00,20260930_00
2026-10-14,5.87,5.87,0.0,5.87,5.87,0.0,9.77,9.77,0.0,9.77,9.77,0.0,-3.8999999999999995,-3.8999999999999995,0.0,-3.8999999999999995,-3.8999999999999995,0.0,EC46,20261001_00,20260930_00
2026-10-15,3.65,3.65,0.0,3.65,3.65,0.0,8.5,8.5,0.0,8.5,8.5,0.0,-4.85,-4.85,0.0,-4.85,-4.85,0.0,EC46,20261001_00,20260930_00
2026-10-16,2.07,2.07,0.0,2.07,2.07,0.0,9.91,9.91,0.0,9.91,9.91,0.0,-7.84,-7.84,0.0,-7.84,-7.84,0.0,EC46,20261001_00,20260930_00
2026-10-17,6.54,6.54,0.0,6.54,6.54,0.0,11.3,11.3,0.0,11.3,11.3,0.0,-4.760000000000001,-4.760000000000001,0.0,-4.760000000000001,-4.760000000000001,0.0,EC46,20261001_00,20260930_00
2026-10-18,12.4,12.4,0.0,12.4,12.4,0.0,10.68,10.68,0.0,10.68,10.68,0.0,1.7200000000000006,1.7200000000000006,0.0,1.7200000000000006,1.7200000000000006,0.0,EC46,20261001_00,20260930_00
2026-10-19,12.19,12.19,0.0,12.19,12.19,0.0,7.55,7.55,0.0,7.55,7.55,0.0,4.64,4.64,0.0,4.64,4.64,0.0,EC46,20261001_00,20260930_00
2026-10-20,14.27,14.27,0.0,14.27,14.27,0.0,3.89,3.89,0.0,3.89,3.89,0.0,10.379999999999999,10.379999999999999,0.0,10.379999999999999,10.379999999999999,0.0,EC46,20261001_00,20260930_00
2026-10-21,13.6,13.6,0.0,13.6,13.6,0.0,1.84,1.84,0.0,1.84,1.84,0.0,11.76,11.76,0.0,11.76,11.76,0.0,EC46,20261001_00,20260930_00
2026-10-22,11.68,11.68,0.0,11.68,11.68,0.0,0.79,0.79,0.0,0.79,0.79,0.0,10.89,10.89,0.0,10.89,10.89,0.0,EC46,20261001_00,20260930_00
2026-10-23,11.09,11.09,0.0,11.09,11.09,0.0,2.35,2.35,0.0,2.35,2.35,0.0,8.74,8.74,0.0,8.74,8.74,0.0,EC46,20261001_00,20260930_00
2026-10-24,13.56,13.56,0.0,13.56,13.56,0.0,4.7,4.7,0.0,4.7,4.7,0.0,8.86,8.86,0.0,8.86,8.86,0.0,EC46,20261001_00,20260930_00
2026-10-25,15.84,15.84,0.0,15.84,15.84,0.0,6.8,6.8,0.0,6.8,6.8,0.0,9.04,9.04,0.0,9.04,9.04,0.0,EC46,20261001_00,20260930_00
2026-10-26,15.04,15.04,0.0,15.04,15.04,0.0,4.56,4.56,0.0,4.56,4.56,0.0,10.48,10.48,0.0,10.48,10.48,0.0,EC46,20261001_00,20260930_00
2026-10-27,16.68,16.68,0.0,16.68,16.68,0.0,3.06,3.06,0.0,3.06,3.06,0.0,13.62,13.62,0.0,13.62,13.62,0.0,EC46,20261001_00,20260930_00
2026-10-28,15.28,15.28,0.0,15.28,15.28,0.0,4.83,4.83,0.0,4.83,4.83,0.0,10.45,10.45,0.0,10.45,10.45,0.0,EC46,20261001_00,20260930_00
2026-10-29,11.47,11.47,0.0,11.47,11.47,0.0,11.23,11.23,0.0,11.23,11.23,0.0,0.2400000000000002,0.2400000000000002,0.0,0.2400000000000002,0.2400000000000002,0.0,EC46,20261001_00,20260930_00
2026-10-30,8.5,8.5,0.0,8.5,8.5,0.0,13.51,13.51,0.0,13.51,13.51,0.0,-5.01,-5.01,0.0,-5.01,-5.01,0.0,EC46,20261001_00,20260930_00
2026-10-31,8.28,8.28,0.0,8.28,8.28,0.0,13.65,13.65,0.0,13.65,13.65,0.0,-5.370000000000001,-5.370000000000001,0.0,-5.370000000000001,-5.370000000000001,0.0,EC46,20261001_00,20260930_00
2026-11-01,10.32,10.32,0.0,10.32,10.32,0.0,14.34,14.34,0.0,14.34,14.34,0.0,-4.02,-4.02,0.0,-4.02,-4.02,0.0,EC46,20261001_00,20260930_00
2026-11-02,14.26,14.26,0.0,14.26,14.26,0.0,15.94,15.94,0.0,15.94,15.94,0.0,-1.6799999999999997,-1.6799999999999997,0.0,-1.6799999999999997,-1.6799999999999997,0.0,EC46,20261001_00,20260930_00
2026-11-03,20.64,20.64,0.0,20.64,20.64,0.0,15.29,15.29,0.0,15.29,15.29,0.0,5.350000000000001,5.350000000000001,0.0,5.350000000000001,5.350000000000001,0.0,EC46,20261001_00,20260930_00
2026-11-04,23.42,23.42,0.0,23.42,23.42,0.0,16.07,16.07,0.0,16.07,16.07,0.0,7.350000000000001,7.350000000000001,0.0,7.350000000000001,7.350000000000001,0.0,EC46,20261001_00,20260930_00
2026-11-05,21.95,21.95,0.0,21.95,21.95,0.0,18.08,18.08,0.0,18.08,18.08,0.0,3.870000000000001,3.870000000000001,0.0,3.870000000000001,3.870000000000001,0.0,EC46,20261001_00,20260930_00
2026-11-06,22.27,22.27,0.0,22.27,22.27,0.0,21.25,21.25,0.0,21.25,21.25,0.0,1.0199999999999996,1.0199999999999996,0.0,1.0199999999999996,1.0199999999999996,0.0,EC46,20261001_00,20260930_00
2026-11-07,24.33,24.33,0.0,24.33,24.33,0.0,21.86,21.86,0.0,21.86,21.86,0.0,2.469999999999999,2.469999999999999,0.0,2.469999999999999,2.469999999999999,0.0,EC46,20261001_00,20260930_00
2026-11-08,24.15,24.15,0.0,24.15,24.15,0.0,23.64,23.64,0.0,23.64,23.64,0.0,0.509999999999998,0.509999999999998,0.0,0.509999999999998,0.509999999999998,0.0,EC46,20261001_00,20260930_00
2026-11-09,21.6,21.6,0.0,21.6,21.6,0.0,24.2,24.2,0.0,24.2,24.2,0.0,-2.599999999999998,-2.599999999999998,0.0,-2.599999999999998,-2.599999999999998,0.0,EC46,20261001_00,20260930_00
2026-11-10,17.81,17.81,0.0,17.81,17.81,0.0,22.9,22.9,0.0,22.9,22.9,0.0,-5.09,-5.09,0.0,-5.09,-5.09,0.0,EC46,20261001_00,20260930_00
2026-11-11,16.34,16.34,0.0,16.34,16.34,0.0,21.53,21.53,0.0,21.53,21.53,0.0,-5.190000000000001,-5.190000000000001,0.0,-5.190000000000001,-5.190000000000001,0.0,EC46,20261001_00,20260930_00
2026-11-12,13.74,13.74,0.0,13.74,13.74,0.0,22.1,22.1,0.0,22.1,22.1,0.0,-8.360000000000001,-8.360000000000001,0.0,-8.360000000000001,-8.360000000000001,0.0,EC46,20261001_00,20260930_00
2026-11-13,17.51,17.51,0.0,17.51,17.51,0.0,21.61,21.61,0.0,21.61,21.61,0.0,-4.099999999999998,-4.099999999999998,0.0,-4.099999999999998,-4.099999999999998,0.0,EC46,20261001_00,20260930_00
2026-11-14,19.56,19.56,0.0,19.56,19.56,0.0,21.39,21.39,0.0,21.39,21.39,0.0,-1.8300000000000018,-1.8300000000000018,0.0,-1.8300000000000018,-1.8300000000000018,0.0,EC46,20261001_00,20260930_00
2026-10-02,3.6375,0.9025,2.7350000000000003,4.225,1.92,2.305,3.675,0.835,2.84,4.12,1.705,2.415,-0.037499999999999645,0.0675,-0.10499999999999954,0.10499999999999954,0.21499999999999986,-0.10999999999999988,ECMWF,20261001_12,20261001_00
2026-10-03,3.9825,1.6075,2.375,5.3100000000000005,4.6525,0.6575,3.99,1.615,2.375,5.3775,4.76,0.6175,-0.007500000000000284,-0.007500000000000062,0.0,-0.0674999999999999,-0.10749999999999993,0.039999999999999925,ECMWF,20261001_12,20261001_00
2026-10-04,4.08,1.555,2.5250000000000004,6.18,5.5525,0.6275,4.045,1.555,2.49,6.02,5.49,0.53,0.03500000000000014,0.0,0.03500000000000014,0.16000000000000014,0.0625,0.09749999999999992,ECMWF,20261001_12,20261001_00
2026-10-05,4.12,1.51,2.6100000000000003,6.0875,5.6675,0.42,4.175,1.595,2.58,6.325,5.842499999999999,0.4825,-0.054999999999999716,-0.08499999999999996,0.03000000000000025,-0.23749999999999982,-0.17499999999999893,-0.0625,ECMWF,20261001_12,20261001_00
2026-10-06,4.5,2.0675,2.4325,8.1725,7.9425,0.23,4.5925,2.185,2.4075,8.145,8.025,0.12,-0.09250000000000025,-0.11750000000000016,0.02499999999999991,0.027499999999999858,-0.08250000000000046,0.11000000000000001,ECMWF,20261001_12,20261001_00
2026-10-07,4.7275,1.9725,2.755,8.2925,7.092499999999999,1.2,4.735,1.935,2.8,8.3225,7.4975,0.825,-0.007500000000000284,0.03749999999999987,-0.04499999999999993,-0.02999999999999936,-0.40500000000000025,0.375,ECMWF,20261001_12,20261001_00
2026-10-08,4.859999999999999,1.505,3.355,6.907500000000001,4.9475,1.96,4.805,1.485,3.32,7.065,5.609999999999999,1.455,0.054999999999999716,0.019999999999999796,0.03500000000000014,-0.15749999999999975,-0.6624999999999996,0.5049999999999999,ECMWF,20261001_12,20261001_00
2026-10-09,4.7575,1.1975,3.56,6.574999999999999,4.2475000000000005,2.3275,4.8475,1.3875,3.46,7.0625,5.255,1.8075,-0.08999999999999986,-0.18999999999999995,0.10000000000000009,-0.4875000000000007,-1.0074999999999994,0.52,ECMWF,20261001_12,20261001_00
2026-10-10,4.305,1.0925,3.2125,5.99,3.3175,2.6725000000000003,4.3425,1.29,3.0525,6.065,4.0275,2.0375,-0.03750000000000053,-0.1975,0.1599999999999997,-0.07500000000000018,-0.71,0.6350000000000002,ECMWF,20261001_12,20261001_00
2026-10-11,3.88,1.3299999999999998,2.55,5.16,2.795,2.365,4.125,1.52,2.605,5.47,3.405,2.065,-0.2450000000000001,-0.19000000000000017,-0.05500000000000016,-0.3099999999999996,-0.6099999999999999,0.30000000000000027,ECMWF,20261001_12,20261001_00
2026-10-12,4.08,1.685,2.395,4.2825,2.795,1.4874999999999998,4.15,1.835,2.3150000000000004,4.31,3.3875,0.9225,-0.07000000000000028,-0.1499999999999999,0.07999999999999963,-0.027499999999999858,-0.5925000000000002,0.5649999999999998,ECMWF,20261001_12,20261001_00
2026-10-13,4.125,1.81,2.315,5.1675,3.7775,1.39,3.9125,2.2975,1.615,5.855,5.8175,0.0375,0.2124999999999999,-0.4874999999999998,0.7,-0.6875,-2.04,1.3524999999999998,ECMWF,20261001_12,20261001_00
2026-10-14,4.13,2.32,1.81,5.1725,3.5825000000000005,1.59,3.6675,3.215,0.4525,8.505,8.505,0.0,0.4624999999999999,-0.895,1.3575,-3.3325000000000005,-4.9225,1.59,ECMWF,20261001_12,20261001_00
2026-10-15,3.6575,2.8225,0.835,4.355,4.1025,0.2525,3.8925,3.7925,0.1,7.8575,7.8575,0.0,-0.23499999999999988,-0.9700000000000002,0.735,-3.5024999999999995,-3.755,0.2525,ECMWF,20261001_12,20261001_00
2026-10-02,4.015,1.0125,3.0025,4.887499999999999,1.9975,2.89,4.06,1.085,2.975,4.8625,1.975,2.8875,-0.04499999999999993,-0.07250000000000001,0.027499999999999858,0.024999999999999467,0.022499999999999964,0.0024999999999999467,ECMWF_AIFS,20261001_12,20261001_06
2026-10-03,4.33,1.6975,2.6325000000000003,5.875,4.6850000000000005,1.19,4.36,1.7825,2.5775,5.725,4.6275,1.0975,-0.03000000000000025,-0.08499999999999996,0.05500000000000016,0.15000000000000036,0.05750000000000011,0.09250000000000003,ECMWF_AIFS,20261001_12,20261001_06
2026-10-04,4.59,1.8475,2.7425,6.315,5.4175,0.8975,4.5725,1.8475,2.725,6.05,5.3525,0.6975,0.01750000000000007,0.0,0.01750000000000007,0.26500000000000057,0.06500000000000039,0.19999999999999996,ECMWF_AIFS,20261001_12,20261001_06
2026-10-05,4.5575,1.685,2.8725,5.8975,5.2775,0.62,4.575,1.7425,2.8325,6.1475,5.605,0.5425,-0.01750000000000007,-0.057499999999999885,0.040000000000000036,-0.25,-0.32750000000000057,0.07750000000000001,ECMWF_AIFS,20261001_12,20261001_06
2026-10-06,5.1325,2.47,2.6625,8.7925,8.3325,0.46,5.1825,2.55,2.6325000000000003,9.07,8.627500000000001,0.4425,-0.04999999999999982,-0.07999999999999963,0.029999999999999805,-0.27749999999999986,-0.2950000000000017,0.017500000000000016,ECMWF_AIFS,20261001_12,20261001_06
2026-10-07,5.637499999999999,2.5424999999999995,3.095,9.495,8.0925,1.4025,5.67,2.5175,3.1525,9.6575,8.0975,1.56,-0.03250000000000064,0.024999999999999467,-0.05749999999999966,-0.16250000000000142,-0.005000000000000782,-0.15749999999999997,ECMWF_AIFS,20261001_12,20261001_06
2026-10-08,5.7,2.0700000000000003,3.63,7.935,5.875,2.06,5.7575,2.055,3.7025,8.225,5.88,2.345,-0.05750000000000011,0.015000000000000124,-0.07250000000000023,-0.29000000000000004,-0.004999999999999893,-0.28500000000000014,ECMWF_AIFS,20261001_12,20261001_06
2026-10-09,5.55,1.9475,3.6025,7.535,5.075,2.46,5.5625,2.0775,3.4850000000000003,7.967499999999999,5.19,2.7775,-0.012500000000000178,-0.13000000000000012,0.11749999999999972,-0.4324999999999992,-0.11500000000000021,-0.3174999999999999,ECMWF_AIFS,20261001_12,20261001_06
2026-10-10,4.782500000000001,2.015,2.7675,7.0825,4.699999999999999,2.3825000000000003,4.575,2.1425,2.4325,6.9625,4.755,2.2075,0.20750000000000046,-0.12749999999999995,0.33499999999999996,0.11999999999999922,-0.055000000000000604,0.17500000000000027,ECMWF_AIFS,20261001_12,20261001_06
2026-10-11,4.435,2.71,1.725,5.8825,4.2925,1.59,3.5925,2.935,0.6575000000000001,5.1825,4.48,0.7024999999999999,0.8424999999999998,-0.2250000000000001,1.0675,0.7000000000000002,-0.1875,0.8875000000000002,ECMWF_AIFS,20261001_12,20261001_06
2026-10-12,4.15,3.585,0.5650000000000001,7.45,7.45,0.0,5.275,5.275,0.0,8.54,8.54,0.0,-1.125,-1.6900000000000004,0.5650000000000001,-1.089999999999999,-1.089999999999999,0.0,ECMWF_AIFS,20261001_12,20261001_06
2026-10-13,4.92,4.85,0.07,13.6475,13.6475,0.0,7.5425,7.5425,0.0,14.315,14.315,0.0,-2.6225000000000005,-2.692500000000001,0.07,-0.6674999999999986,-0.6674999999999986,0.0,ECMWF_AIFS,20261001_12,20261001_06
2026-10-14,5.305,4.9475,0.3575,13.005,12.9425,0.0625,8.2075,8.2075,0.0,16.0775,16.0775,0.0,-2.9025,-3.26,0.3575,-3.0725,-3.135,0.0625,ECMWF_AIFS,20261001_12,20261001_06
2026-10-15,5.1175,4.775,0.3425,10.5325,9.9625,0.57,7.605,7.605,0.0,16.7425,16.7425,0.0,-2.4875000000000007,-2.83,0.3425,-6.209999999999999,-6.779999999999999,0.57,ECMWF_AIFS,20261001_12,20261001_06
2026-10-01,3.88,0.0,3.88,3.88,0.0,3.88,3.88,0.0,3.88,3.88,0.0,3.88,0.0,0.0,0.0,0.0,0.0,0.0,ECMWF_ENS,20261001_12,20261001_00
2026-10-02,3.32,0.0,3.32,3.32,0.0,3.32,3.32,0.0,3.32,3.32,0.0,3.32,0.0,0.0,0.0,0.0,0.0,0.0,ECMWF_ENS,20261001_12,20261001_00
2026-10-03,2.06,2.06,0.0,2.06,2.06,0.0,2.06,2.06,0.0,2.06,2.06,0.0,0.0,0.0,0.0,0.0,0.0,0.0,ECMWF_ENS,20261001_12,20261001_00
2026-10-04,3.61,3.61,0.0,3.61,3.61,0.0,3.61,3.61,0.0,3.61,3.61,0.0,0.0,0.0,0.0,0.0,0.0,0.0,ECMWF_ENS,20261001_12,20261001_00
2026-10-05,4.01,4.01,0.0,4.01,4.01,0.0,4.01,4.01,0.0,4.01,4.01,0.0,0.0,0.0,0.0,0.0,0.0,0.0,ECMWF_ENS,20261001_12,20261001_00
2026-10-06,7.02,7.02,0.0,7.02,7.02,0.0,7.02,7.02,0.0,7.02,7.02,0.0,0.0,0.0,0.0,0.0,0.0,0.0,ECMWF_ENS,20261001_12,20261001_00
2026-10-07,8.61,8.61,0.0,8.61,8.61,0.0,8.61,8.61,0.0,8.61,8.61,0.0,0.0,0.0,0.0,0.0,0.0,0.0,ECMWF_ENS,20261001_12,20261001_00
2026-10-08,5.68,5.68,0.0,5.68,5.68,0.0,5.68,5.68,0.0,5.68,5.68,0.0,0.0,0.0,0.0,0.0,0.0,0.0,ECMWF_ENS,20261001_12,20261001_00
2026-10-09,3.23,3.23,0.0,3.23,3.23,0.0,3.23,3.23,0.0,3.23,3.23,0.0,0.0,0.0,0.0,0.0,0.0,0.0,ECMWF_ENS,20261001_12,20261001_00
2026-10-10,2.82,2.82,0.0,2.82,2.82,0.0,2.82,2.82,0.0,2.82,2.82,0.0,0.0,0.0,0.0,0.0,0.0,0.0,ECMWF_ENS,20261001_12,20261001_00
2026-10-11,1.66,1.66,0.0,1.66,1.66,0.0,1.66,1.66,0.0,1.66,1.66,0.0,0.0,0.0,0.0,0.0,0.0,0.0,ECMWF_ENS,20261001_12,20261001_00
2026-10-12,1.18,1.18,0.0,1.18,1.18,0.0,1.18,1.18,0.0,1.18,1.18,0.0,0.0,0.0,0.0,0.0,0.0,0.0,ECMWF_ENS,20261001_12,20261001_00
2026-10-13,1.75,1.75,0.0,1.75,1.75,0.0,1.75,1.75,0.0,1.75,1.75,0.0,0.0,0.0,0.0,0.0,0.0,0.0,ECMWF_ENS,20261001_12,20261001_00
2026-06-28,8.27,0.0,8.27,8.27,0.0,8.27,8.055,0.0,8.055,8.055,0.0,8.055,0.21499999999999986,0.0,0.21499999999999986,0.21499999999999986,0.0,0.21499999999999986,FOURCASTNETV2-SMALL,20260627_12_AI,20260626_12_AI
2026-06-29,10.8875,0.0,10.8875,10.8875,0.0,10.8875,11.1,0.0,11.1,11.1,0.0,11.1,-0.21250000000000036,0.0,-0.21250000000000036,-0.21250000000000036,0.0,-0.21250000000000036,FOURCASTNETV2-SMALL,20260627_12_AI,20260626_12_AI
2026-06-30,13.2875,0.0,13.2875,13.2875,0.0,13.2875,13.61,0.0,13.61,13.61,0.0,13.61,-0.3224999999999998,0.0,-0.3224999999999998,-0.3224999999999998,0.0,-0.3224999999999998,FOURCASTNETV2-SMALL,20260627_12_AI,20260626_12_AI
2026-07-01,15.0775,0.0,15.0775,15.0775,0.0,15.0775,15.1875,0.0,15.1875,15.1875,0.0,15.1875,-0.10999999999999943,0.0,-0.10999999999999943,-0.10999999999999943,0.0,-0.10999999999999943,FOURCASTNETV2-SMALL,20260627_12_AI,20260626_12_AI
2026-07-02,15.5425,0.0,15.5425,15.5425,0.0,15.5425,14.9425,0.0,14.9425,14.9425,0.0,14.9425,0.5999999999999996,0.0,0.5999999999999996,0.5999999999999996,0.0,0.5999999999999996,FOURCASTNETV2-SMALL,20260627_12_AI,20260626_12_AI
2026-07-03,15.7275,0.0,15.7275,15.7275,0.0,15.7275,13.510000000000002,0.0,13.510000000000002,13.510000000000002,0.0,13.510000000000002,2.2174999999999976,0.0,2.2174999999999976,2.2174999999999976,0.0,2.2174999999999976,FOURCASTNETV2-SMALL,20260627_12_AI,20260626_12_AI
2026-07-04,13.955,0.0,13.955,13.955,0.0,13.955,11.7625,0.0,11.7625,11.7625,0.0,11.7625,2.192500000000001,0.0,2.192500000000001,2.192500000000001,0.0,2.192500000000001,FOURCASTNETV2-SMALL,20260627_12_AI,20260626_12_AI
2026-07-05,12.425,0.0,12.425,12.425,0.0,12.425,9.475,0.0,9.475,9.475,0.0,9.475,2.950000000000001,0.0,2.950000000000001,2.950000000000001,0.0,2.950000000000001,FOURCASTNETV2-SMALL,20260627_12_AI,20260626_12_AI
2026-07-06,11.405,0.0,11.405,11.405,0.0,11.405,9.6625,0.0,9.6625,9.6625,0.0,9.6625,1.7424999999999997,0.0,1.7424999999999997,1.7424999999999997,0.0,1.7424999999999997,FOURCASTNETV2-SMALL,20260627_12_AI,20260626_12_AI
2026-07-07,9.865,0.0,9.865,9.865,0.0,9.865,11.1375,0.0,11.1375,11.1375,0.0,11.1375,-1.272499999999999,0.0,-1.272499999999999,-1.272499999999999,0.0,-1.272499999999999,FOURCASTNETV2-SMALL,20260627_12_AI,20260626_12_AI
2026-07-08,9.685,0.0,9.685,9.685,0.0,9.685,12.31,0.0,12.31,12.31,0.0,12.31,-2.625,0.0,-2.625,-2.625,0.0,-2.625,FOURCASTNETV2-SMALL,20260627_12_AI,20260626_12_AI
2026-07-09,11.4825,0.0,11.4825,11.4825,0.0,11.4825,12.6225,0.0,12.6225,12.6225,0.0,12.6225,-1.1400000000000006,0.0,-1.1400000000000006,-1.1400000000000006,0.0,-1.1400000000000006,FOURCASTNETV2-SMALL,20260627_12_AI,20260626_12_AI
2026-07-10,12.32,0.0,12.32,12.32,0.0,12.32,9.5575,0.0,9.5575,9.5575,0.0,9.5575,2.762500000000001,0.0,2.762500000000001,2.762500000000001,0.0,2.762500000000001,FOURCASTNETV2-SMALL,20260627_12_AI,20260626_12_AI
2026-07-11,13.22,0.0,13.22,13.22,0.0,13.22,4.25,0.0,4.25,4.25,0.0,4.25,8.97,0.0,8.97,8.97,0.0,8.97,FOURCASTNETV2-SMALL,20260627_12_AI,20260626_12_AI
2026-10-02,3.642338709677419,0.7914516129032259,2.8508870967741933,4.402016129032258,2.206935483870968,2.19508064516129,3.617741935483872,0.7725,2.845241935483871,4.249677419354839,2.1861290322580644,2.063548387096774,0.024596774193547333,0.01895161290322589,0.005645161290322331,0.15233870967741936,0.0208064516129034,0.13153225806451596,GEFS,20261001_12,20261001_06
2026-10-03,3.961048387096775,1.5812096774193547,2.3798387096774194,5.615645161290323,4.942338709677419,0.6733064516129031,3.968064516129032,1.5562096774193548,2.411854838709677,5.652177419354839,4.916290322580645,0.7358870967741935,-0.0070161290322570125,0.02499999999999991,-0.03201612903225781,-0.036532258064515766,0.026048387096774483,-0.06258064516129036,GEFS,20261001_12,20261001_06
2026-10-04,3.8525806451612894,1.4563709677419354,2.396209677419354,6.203951612903226,5.5401612903225805,0.6637903225806452,3.842258064516129,1.461048387096774,2.3812096774193545,6.296693548387096,5.519354838709678,0.7773387096774194,0.01032258064516034,-0.0046774193548386744,0.01499999999999968,-0.09274193548387011,0.020806451612902954,-0.11354838709677417,GEFS,20261001_12,20261001_06
2026-10-05,3.771935483870968,1.446532258064516,2.325403225806452,6.116209677419355,5.786370967741935,0.3298387096774193,3.7562096774193545,1.467016129032258,2.289193548387097,6.015887096774194,5.7316935483870965,0.2841935483870968,0.0157258064516137,-0.02048387096774218,0.03620967741935477,0.10032258064516064,0.05467741935483872,0.04564516129032248,GEFS,20261001_12,20261001_06
2026-10-06,4.0505645161290325,2.358306451612904,1.6922580645161291,9.848951612903226,9.826854838709677,0.0220967741935483,4.002983870967742,2.38008064516129,1.6229032258064515,9.938951612903226,9.921854838709676,0.0170967741935483,0.04758064516129057,-0.021774193548385945,0.06935483870967762,-0.08999999999999986,-0.09499999999999886,0.0049999999999999975,GEFS,20261001_12,20261001_06
2026-10-07,4.309919354838709,2.472258064516129,1.8376612903225809,9.69491935483871,9.234677419354838,0.460241935483871,4.252338709677419,2.417258064516129,1.8350806451612904,9.730564516129032,9.225725806451614,0.5048387096774194,0.057580645161290356,0.05500000000000016,0.002580645161290418,-0.035645161290322136,0.00895161290322477,-0.044596774193548405,GEFS,20261001_12,20261001_06
2026-10-08,4.387419354838709,1.8825,2.5049193548387096,7.8575,6.839354838709678,1.0181451612903225,4.290403225806451,1.757741935483871,2.5326612903225807,7.637983870967742,6.464758064516129,1.1732258064516128,0.09701612903225776,0.12475806451612903,-0.02774193548387105,0.21951612903225826,0.37459677419354875,-0.15508064516129028,GEFS,20261001_12,20261001_06
2026-10-09,4.353225806451612,1.6229032258064515,2.730322580645161,6.960564516129033,5.836774193548387,1.1237903225806452,4.261774193548387,1.636532258064516,2.6252419354838707,6.748064516129032,5.703951612903226,1.0441129032258063,0.09145161290322523,-0.013629032258064555,0.10508064516129023,0.21250000000000036,0.13282258064516128,0.07967741935483885,GEFS,20261001_12,20261001_06
2026-10-10,4.077177419354839,1.881532258064516,2.1956451612903227,7.2775,6.063870967741935,1.2136290322580645,4.033225806451613,2.1227419354838712,1.910483870967742,7.491854838709678,6.596774193548387,0.8950806451612903,0.0439516129032258,-0.24120967741935528,0.28516129032258064,-0.21435483870967786,-0.5329032258064519,0.31854838709677424,GEFS,20261001_12,20261001_06
2026-10-11,3.7603225806451617,2.3505645161290323,1.409758064516129,6.689112903225807,5.54266129032258,1.1464516129032258,3.918790322580645,2.707903225806452,1.2108870967741936,7.624354838709677,7.143790322580646,0.4805645161290322,-0.1584677419354832,-0.3573387096774199,0.19887096774193536,-0.9352419354838704,-1.6011290322580658,0.6658870967741937,GEFS,20261001_12,20261001_06
2026-10-12,3.837741935483871,2.888387096774194,0.9493548387096774,7.093629032258065,6.576935483870967,0.5166935483870968,4.212822580645161,3.3722580645161293,0.8405645161290323,9.168387096774191,8.891129032258064,0.277258064516129,-0.37508064516129025,-0.4838709677419355,0.10879032258064514,-2.0747580645161268,-2.314193548387097,0.2394354838709678,GEFS,20261001_12,20261001_06
2026-10-13,4.403548387096774,3.594274193548387,0.809274193548387,9.685,9.347096774193547,0.3379032258064516,4.616532258064517,3.854677419354839,0.7618548387096774,11.278629032258063,11.04,0.2386290322580645,-0.21298387096774274,-0.2604032258064519,0.047419354838709626,-1.5936290322580628,-1.692903225806452,0.0992741935483871,GEFS,20261001_12,20261001_06
2026-10-14,4.789435483870967,4.136129032258064,0.6533064516129032,11.20048387096774,10.978145161290325,0.2223387096774193,4.9843548387096765,4.163306451612903,0.8210483870967742,11.782822580645162,11.481774193548388,0.3010483870967742,-0.19491935483870915,-0.02717741935483886,-0.16774193548387095,-0.5823387096774209,-0.503629032258063,-0.07870967741935486,GEFS,20261001_12,20261001_06
2026-10-15,4.819516129032258,4.301532258064516,0.517983870967742,10.80766129032258,10.56540322580645,0.242258064516129,5.078306451612904,4.150080645161291,0.9282258064516128,11.163548387096776,10.643387096774193,0.5201612903225806,-0.25879032258064605,0.15145161290322573,-0.4102419354838708,-0.3558870967741967,-0.07798387096774206,-0.27790322580645166,GEFS,20261001_12,20261001_06
2026-10-16,5.035806451612904,4.617258064516129,0.4185483870967741,10.490967741935483,10.286048387096775,0.2049193548387096,5.058145161290323,4.170483870967741,0.8876612903225806,10.225483870967745,9.694193548387096,0.5312903225806451,-0.022338709677418578,0.44677419354838754,-0.46911290322580645,0.2654838709677385,0.5918548387096791,-0.3263709677419355,GEFS,20261001_12,20261001_06
2026-10-16,12.78,12.78,0.0,12.78,12.78,0.0,10.7,10.7,0.0,10.7,10.7,0.0,2.08,2.08,0.0,2.08,2.08,0.0,GEFS_35D,20260930_00,20260929_00
2026-10-17,9.29,9.29,0.0,9.29,9.29,0.0,11.13,11.13,0.0,11.13,11.13,0.0,-1.8400000000000016,-1.8400000000000016,0.0,-1.8400000000000016,-1.8400000000000016,0.0,GEFS_35D,20260930_00,20260929_00
2026-10-18,9.46,9.46,0.0,9.46,9.46,0.0,11.64,11.64,0.0,11.64,11.64,0.0,-2.1799999999999997,-2.1799999999999997,0.0,-2.1799999999999997,-2.1799999999999997,0.0,GEFS_35D,20260930_00,20260929_00
2026-10-19,10.22,10.22,0.0,10.22,10.22,0.0,12.6,12.6,0.0,12.6,12.6,0.0,-2.379999999999999,-2.379999999999999,0.0,-2.379999999999999,-2.379999999999999,0.0,GEFS_35D,20260930_00,20260929_00
2026-10-20,10.97,10.97,0.0,10.97,10.97,0.0,13.38,13.38,0.0,13.38,13.38,0.0,-2.41,-2.41,0.0,-2.41,-2.41,0.0,GEFS_35D,20260930_00,20260929_00
2026-10-21,11.74,11.74,0.0,11.74,11.74,0.0,12.8,12.8,0.0,12.8,12.8,0.0,-1.0600000000000005,-1.0600000000000005,0.0,-1.0600000000000005,-1.0600000000000005,0.0,GEFS_35D,20260930_00,20260929_00
2026-10-22,11.87,11.87,0.0,11.87,11.87,0.0,12.76,12.76,0.0,12.76,12.76,0.0,-0.8900000000000006,-0.8900000000000006,0.0,-0.8900000000000006,-0.8900000000000006,0.0,GEFS_35D,20260930_00,20260929_00
2026-10-23,11.62,11.62,0.0,11.62,11.62,0.0,13.49,13.49,0.0,13.49,13.49,0.0,-1.870000000000001,-1.870000000000001,0.0,-1.870000000000001,-1.870000000000001,0.0,GEFS_35D,20260930_00,20260929_00
2026-10-24,11.94,11.94,0.0,11.94,11.94,0.0,13.44,13.44,0.0,13.44,13.44,0.0,-1.5,-1.5,0.0,-1.5,-1.5,0.0,GEFS_35D,20260930_00,20260929_00
2026-10-25,12.66,12.66,0.0,12.66,12.66,0.0,12.66,12.66,0.0,12.66,12.66,0.0,0.0,0.0,0.0,0.0,0.0,0.0,GEFS_35D,20260930_00,20260929_00
2026-10-26,12.28,12.28,0.0,12.28,12.28,0.0,13.32,13.32,0.0,13.32,13.32,0.0,-1.040000000000001,-1.040000000000001,0.0,-1.040000000000001,-1.040000000000001,0.0,GEFS_35D,20260930_00,20260929_00
2026-10-27,12.5,12.5,0.0,12.5,12.5,0.0,13.78,13.78,0.0,13.78,13.78,0.0,-1.2799999999999994,-1.2799999999999994,0.0,-1.2799999999999994,-1.2799999999999994,0.0,GEFS_35D,20260930_00,20260929_00
2026-10-28,13.78,13.78,0.0,13.78,13.78,0.0,14.14,14.14,0.0,14.14,14.14,0.0,-0.3600000000000012,-0.3600000000000012,0.0,-0.3600000000000012,-0.3600000000000012,0.0,GEFS_35D,20260930_00,20260929_00
2026-10-29,14.76,14.76,0.0,14.76,14.76,0.0,15.11,15.11,0.0,15.11,15.11,0.0,-0.34999999999999964,-0.34999999999999964,0.0,-0.34999999999999964,-0.34999999999999964,0.0,GEFS_35D,20260930_00,20260929_00
2026-10-30,15.7,15.7,0.0,15.7,15.7,0.0,14.7,14.7,0.0,14.7,14.7,0.0,1.0,1.0,0.0,1.0,1.0,0.0,GEFS_35D,20260930_00,20260929_00
2026-10-31,14.9,14.9,0.0,14.9,14.9,0.0,14.66,14.66,0.0,14.66,14.66,0.0,0.2400000000000002,0.2400000000000002,0.0,0.2400000000000002,0.2400000000000002,0.0,GEFS_35D,20260930_00,20260929_00
2026-11-01,14.54,14.54,0.0,14.54,14.54,0.0,15.13,15.13,0.0,15.13,15.13,0.0,-0.5900000000000016,-0.5900000000000016,0.0,-0.5900000000000016,-0.5900000000000016,0.0,GEFS_35D,20260930_00,20260929_00
2026-11-02,15.24,15.24,0.0,15.24,15.24,0.0,15.51,15.51,0.0,15.51,15.51,0.0,-0.2699999999999996,-0.2699999999999996,0.0,-0.2699999999999996,-0.2699999999999996,0.0,GEFS_35D,20260930_00,20260929_00
2026-11-03,16.6,16.6,0.0,16.6,16.6,0.0,12.87,12.87,0.0,12.87,12.87,0.0,3.730000000000002,3.730000000000002,0.0,3.730000000000002,3.730000000000002,0.0,GEFS_35D,20260930_00,20260929_00
2026-10-02,3.4925,0.74,2.7525,4.365,2.12,2.245,3.4575000000000005,0.7275,2.7300000000000004,4.1825,2.1125,2.07,0.0349999999999997,0.012499999999999956,0.02249999999999952,0.1825000000000001,0.007500000000000284,0.17500000000000027,GFS,20261001_12,20261001_06
2026-10-03,3.81,1.5199999999999998,2.29,5.6625,4.8775,0.785,3.7725,1.495,2.2775,5.6175,4.855,0.7625,0.03750000000000009,0.02499999999999969,0.012500000000000178,0.04499999999999993,0.022499999999999964,0.022500000000000075,GFS,20261001_12,20261001_06
2026-10-04,3.6725,1.3025000000000002,2.37,6.085,5.3325,0.7525,3.5825,1.345,2.2375,6.0225,5.345000000000001,0.6775,0.08999999999999986,-0.04249999999999976,0.13250000000000028,0.0625,-0.012500000000001066,0.07499999999999996,GFS,20261001_12,20261001_06
2026-10-05,3.75,1.355,2.395,6.172499999999999,5.4275,0.745,3.6875,1.4275,2.26,6.18,5.81,0.37,0.0625,-0.07250000000000001,0.13500000000000023,-0.007500000000000284,-0.3824999999999994,0.375,GFS,20261001_12,20261001_06
2026-10-06,4.0775,2.1,1.9775,8.9825,8.9525,0.03,4.1025,2.24,1.8625,9.49,9.49,0.0,-0.025000000000000355,-0.14000000000000012,0.11499999999999999,-0.5075000000000003,-0.5374999999999996,0.03,GFS,20261001_12,20261001_06
2026-10-07,3.9925,1.93,2.0625,8.98,8.14,0.84,4.04,1.9525,2.0875,9.285,8.39,0.895,-0.047499999999999876,-0.022499999999999964,-0.02499999999999991,-0.3049999999999997,-0.25,-0.05500000000000005,GFS,20261001_12,20261001_06
2026-10-08,4.21,1.6125,2.5975,7.4025,6.16,1.2425,4.265000000000001,1.73,2.535,7.8,6.535,1.265,-0.055000000000000604,-0.11749999999999994,0.0625,-0.39749999999999996,-0.375,-0.022499999999999964,GFS,20261001_12,20261001_06
2026-10-09,4.282500000000001,1.2125,3.0700000000000003,6.9,5.3375,1.5625,4.3425,1.7025,2.64,6.9575000000000005,5.905,1.0525,-0.05999999999999961,-0.49,0.43000000000000016,-0.05750000000000011,-0.5674999999999999,0.51,GFS,20261001_12,20261001_06
2026-10-10,3.77,1.195,2.575,6.279999999999999,3.965,2.315,4.11,1.93,2.18,7.825,6.255000000000001,1.57,-0.3400000000000003,-0.7349999999999999,0.395,-1.5450000000000008,-2.290000000000001,0.7449999999999999,GFS,20261001_12,20261001_06
2026-10-11,3.27,1.315,1.955,4.2725,1.755,2.5175,3.5025000000000004,1.99,1.5125000000000002,4.885,3.4475,1.4375,-0.23250000000000037,-0.675,0.4424999999999999,-0.6124999999999998,-1.6925,1.08,GFS,20261001_12,20261001_06
2026-10-01,3.71,0.0,3.71,3.71,0.0,3.71,3.71,0.0,3.71,3.71,0.0,3.71,0.0,0.0,0.0,0.0,0.0,0.0,GOOGLE_WN2,20261001_12,20261001_00
2026-10-02,3.71,0.0,3.71,3.71,0.0,3.71,3.71,0.0,3.71,3.71,0.0,3.71,0.0,0.0,0.0,0.0,0.0,0.0,GOOGLE_WN2,20261001_12,20261001_00
2026-10-03,1.85,1.85,0.0,1.85,1.85,0.0,1.85,1.85,0.0,1.85,1.85,0.0,0.0,0.0,0.0,0.0,0.0,0.0,GOOGLE_WN2,20261001_12,20261001_00
2026-10-04,3.43,3.43,0.0,3.43,3.43,0.0,3.43,3.43,0.0,3.43,3.43,0.0,0.0,0.0,0.0,0.0,0.0,0.0,GOOGLE_WN2,20261001_12,20261001_00
2026-10-05,3.78,3.78,0.0,3.78,3.78,0.0,3.78,3.78,0.0,3.78,3.78,0.0,0.0,0.0,0.0,0.0,0.0,0.0,GOOGLE_WN2,20261001_12,20261001_00
2026-10-06,7.12,7.12,0.0,7.12,7.12,0.0,7.12,7.12,0.0,7.12,7.12,0.0,0.0,0.0,0.0,0.0,0.0,0.0,GOOGLE_WN2,20261001_12,20261001_00
2026-10-07,5.64,5.64,0.0,5.64,5.64,0.0,5.64,5.64,0.0,5.64,5.64,0.0,0.0,0.0,0.0,0.0,0.0,0.0,GOOGLE_WN2,20261001_12,20261001_00
2026-10-08,1.97,1.97,0.0,1.97,1.97,0.0,1.97,1.97,0.0,1.97,1.97,0.0,0.0,0.0,0.0,0.0,0.0,0.0,GOOGLE_WN2,20261001_12,20261001_00
2026-10-09,1.98,1.98,0.0,1.98,1.98,0.0,1.98,1.98,0.0,1.98,1.98,0.0,0.0,0.0,0.0,0.0,0.0,0.0,GOOGLE_WN2,20261001_12,20261001_00
2026-10-10,3.9,3.9,0.0,3.9,3.9,0.0,3.9,3.9,0.0,3.9,3.9,0.0,0.0,0.0,0.0,0.0,0.0,0.0,GOOGLE_WN2,20261001_12,20261001_00
2026-10-11,3.38,3.38,0.0,3.38,3.38,0.0,3.38,3.38,0.0,3.38,3.38,0.0,0.0,0.0,0.0,0.0,0.0,0.0,GOOGLE_WN2,20261001_12,20261001_00
2026-10-12,3.2,3.2,0.0,3.2,3.2,0.0,3.2,3.2,0.0,3.2,3.2,0.0,0.0,0.0,0.0,0.0,0.0,0.0,GOOGLE_WN2,20261001_12,20261001_00
2026-10-13,6.42,6.42,0.0,6.42,6.42,0.0,6.42,6.42,0.0,6.42,6.42,0.0,0.0,0.0,0.0,0.0,0.0,0.0,GOOGLE_WN2,20261001_12,20261001_00
2026-10-14,8.98,8.98,0.0,8.98,8.98,0.0,8.98,8.98,0.0,8.98,8.98,0.0,0.0,0.0,0.0,0.0,0.0,0.0,GOOGLE_WN2,20261001_12,20261001_00
2026-10-15,9.1,9.1,0.0,9.1,9.1,0.0,9.1,9.1,0.0,9.1,9.1,0.0,0.0,0.0,0.0,0.0,0.0,0.0,GOOGLE_WN2,20261001_12,20261001_00
2026-09-22,2.79,2.79,0.0,2.79,2.79,0.0,6.85,0.0,6.85,6.85,0.0,6.85,-4.06,2.79,-6.85,-4.06,2.79,-6.85,GOOGLE_WN3,20260922_00,20260921_18
2026-09-23,3.49,3.49,0.0,3.49,3.49,0.0,7.73,0.0,7.73,7.73,0.0,7.73,-4.24,3.49,-7.73,-4.24,3.49,-7.73,GOOGLE_WN3,20260922_00,20260921_18
2026-09-24,3.79,3.79,0.0,3.79,3.79,0.0,8.09,0.0,8.09,8.09,0.0,8.09,-4.3,3.79,-8.09,-4.3,3.79,-8.09,GOOGLE_WN3,20260922_00,20260921_18
2026-09-25,3.61,3.61,0.0,3.61,3.61,0.0,8.5,0.0,8.5,8.5,0.0,8.5,-4.890000000000001,3.61,-8.5,-4.890000000000001,3.61,-8.5,GOOGLE_WN3,20260922_00,20260921_18
2026-09-26,3.41,3.41,0.0,3.41,3.41,0.0,8.43,0.0,8.43,8.43,0.0,8.43,-5.02,3.41,-8.43,-5.02,3.41,-8.43,GOOGLE_WN3,20260922_00,20260921_18
2026-09-27,2.79,2.79,0.0,2.79,2.79,0.0,8.33,0.0,8.33,8.33,0.0,8.33,-5.54,2.79,-8.33,-5.54,2.79,-8.33,GOOGLE_WN3,20260922_00,20260921_18
2026-09-28,2.15,2.15,0.0,2.15,2.15,0.0,7.74,0.0,7.74,7.74,0.0,7.74,-5.59,2.15,-7.74,-5.59,2.15,-7.74,GOOGLE_WN3,20260922_00,20260921_18
2026-09-29,1.34,1.34,0.0,1.34,1.34,0.0,7.18,0.0,7.18,7.18,0.0,7.18,-5.84,1.34,-7.18,-5.84,1.34,-7.18,GOOGLE_WN3,20260922_00,20260921_18
2026-09-30,0.15,0.15,0.0,0.15,0.15,0.0,6.86,0.0,6.86,6.86,0.0,6.86,-6.71,0.15,-6.86,-6.71,0.15,-6.86,GOOGLE_WN3,20260922_00,20260921_18
2026-10-01,0.11,0.0,0.11,0.11,0.0,0.11,5.9,0.0,5.9,5.9,0.0,5.9,-5.79,0.0,-5.79,-5.79,0.0,-5.79,GOOGLE_WN3,20260922_00,20260921_18
2026-10-02,0.5,0.5,0.0,0.5,0.5,0.0,5.51,0.0,5.51,5.51,0.0,5.51,-5.01,0.5,-5.51,-5.01,0.5,-5.51,GOOGLE_WN3,20260922_00,20260921_18
2026-10-03,1.71,1.71,0.0,1.71,1.71,0.0,4.7,0.0,4.7,4.7,0.0,4.7,-2.99,1.71,-4.7,-2.99,1.71,-4.7,GOOGLE_WN3,20260922_00,20260921_18
2026-10-04,2.56,2.56,0.0,2.56,2.56,0.0,4.4,0.0,4.4,4.4,0.0,4.4,-1.8400000000000003,2.56,-4.4,-1.8400000000000003,2.56,-4.4,GOOGLE_WN3,20260922_00,20260921_18
2026-10-05,3.29,3.29,0.0,3.29,3.29,0.0,4.13,0.0,4.13,4.13,0.0,4.13,-0.8399999999999999,3.29,-4.13,-0.8399999999999999,3.29,-4.13,GOOGLE_WN3,20260922_00,20260921_18
2026-10-02,3.02,0.0,3.02,3.02,0.0,3.02,3.25,0.0,3.25,3.25,0.0,3.25,-0.22999999999999998,0.0,-0.22999999999999998,-0.22999999999999998,0.0,-0.22999999999999998,HGEFS,20261001_00,20260930_00
2026-10-03,2.31,2.31,0.0,2.31,2.31,0.0,2.37,2.37,0.0,2.37,2.37,0.0,-0.06000000000000005,-0.06000000000000005,0.0,-0.06000000000000005,-0.06000000000000005,0.0,HGEFS,20261001_00,20260930_00
2026-10-04,3.99,3.99,0.0,3.99,3.99,0.0,4.38,4.38,0.0,4.38,4.38,0.0,-0.3899999999999997,-0.3899999999999997,0.0,-0.3899999999999997,-0.3899999999999997,0.0,HGEFS,20261001_00,20260930_00
2026-10-05,4.47,4.47,0.0,4.47,4.47,0.0,4.53,4.53,0.0,4.53,4.53,0.0,-0.0600000000000005,-0.0600000000000005,0.0,-0.0600000000000005,-0.0600000000000005,0.0,HGEFS,20261001_00,20260930_00
2026-10-06,9.18,9.18,0.0,9.18,9.18,0.0,8.34,8.34,0.0,8.34,8.34,0.0,0.8399999999999999,0.8399999999999999,0.0,0.8399999999999999,0.8399999999999999,0.0,HGEFS,20261001_00,20260930_00
2026-10-07,8.55,8.55,0.0,8.55,8.55,0.0,7.86,7.86,0.0,7.86,7.86,0.0,0.6900000000000004,0.6900000000000004,0.0,0.6900000000000004,0.6900000000000004,0.0,HGEFS,20261001_00,20260930_00
2026-10-08,4.33,4.33,0.0,4.33,4.33,0.0,4.27,4.27,0.0,4.27,4.27,0.0,0.0600000000000005,0.0600000000000005,0.0,0.0600000000000005,0.0600000000000005,0.0,HGEFS,20261001_00,20260930_00
2026-10-09,2.34,2.34,0.0,2.34,2.34,0.0,3.76,3.76,0.0,3.76,3.76,0.0,-1.42,-1.42,0.0,-1.42,-1.42,0.0,HGEFS,20261001_00,20260930_00
2026-10-01,3.4825,0.2633333333333333,3.2191666666666667,3.8708333333333336,0.9870833333333334,2.8837500000000005,2.1522222222222225,0.34,1.8122222222222224,2.506111111111111,1.3083333333333331,1.1977777777777778,1.3302777777777774,-0.07666666666666672,1.4069444444444443,1.3647222222222224,-0.3212499999999997,1.6859722222222226,HRRR,20261001_00,20260930_23
2026-10-01,4.17,0.0,4.17,4.17,0.0,4.17,3.97,0.0,3.97,3.97,0.0,3.97,0.19999999999999973,0.0,0.19999999999999973,0.19999999999999973,0.0,0.19999999999999973,ICON,20261001_seamless,20260930_seamless
2026-10-02,3.45,0.0,3.45,3.45,0.0,3.45,2.92,0.0,2.92,2.92,0.0,2.92,0.5300000000000002,0.0,0.5300000000000002,0.5300000000000002,0.0,0.5300000000000002,ICON,20261001_seamless,20260930_seamless
2026-10-03,1.47,1.47,0.0,1.47,1.47,0.0,2.13,2.13,0.0,2.13,2.13,0.0,-0.6599999999999999,-0.6599999999999999,0.0,-0.6599999999999999,-0.6599999999999999,0.0,ICON,20261001_seamless,20260930_seamless
2026-10-04,3.5,3.5,0.0,3.5,3.5,0.0,3.92,3.92,0.0,3.92,3.92,0.0,-0.41999999999999993,-0.41999999999999993,0.0,-0.41999999999999993,-0.41999999999999993,0.0,ICON,20261001_seamless,20260930_seamless
2026-10-05,3.91,3.91,0.0,3.91,3.91,0.0,4.27,4.27,0.0,4.27,4.27,0.0,-0.35999999999999943,-0.35999999999999943,0.0,-0.35999999999999943,-0.35999999999999943,0.0,ICON,20261001_seamless,20260930_seamless
2026-10-06,7.44,7.44,0.0,7.44,7.44,0.0,8.59,8.59,0.0,8.59,8.59,0.0,-1.1499999999999995,-1.1499999999999995,0.0,-1.1499999999999995,-1.1499999999999995,0.0,ICON,20261001_seamless,20260930_seamless
2026-10-07,3.98,3.98,0.0,3.98,3.98,0.0,6.45,6.45,0.0,6.45,6.45,0.0,-2.47,-2.47,0.0,-2.47,-2.47,0.0,ICON,20261001_seamless,20260930_seamless
2026-10-01,3.80875,0.08625,3.7225,3.91,0.08375,3.82625,3.4625,0.3037499999999999,3.15875,3.70875,0.57375,3.135,0.34624999999999995,-0.21749999999999992,0.5637500000000002,0.20124999999999993,-0.49,0.6912500000000001,NAM,20260930_18,20260930_12
2026-10-02,3.16125,0.44,2.72125,3.06,1.075,1.985,3.01375,0.67,2.34375,3.55875,1.72875,1.83,0.14749999999999996,-0.23000000000000004,0.37749999999999995,-0.4987499999999998,-0.65375,0.15500000000000003,NAM,20260930_18,20260930_12
2026-10-03,3.285,1.44375,1.84125,5.905,5.53,0.375,3.31875,1.67125,1.6475,5.755,5.475,0.28,-0.03374999999999995,-0.2274999999999998,0.1937500000000001,0.15000000000000036,0.055000000000000604,0.09499999999999997,NAM,20260930_18,20260930_12
2026-10-02,4.38125,0.7312500000000001,3.65,3.8875,1.69125,2.19625,3.87125,0.9125,2.95875,3.8325,1.89,1.9425,0.5099999999999998,-0.1812499999999999,0.6912499999999997,0.05500000000000016,-0.19874999999999998,0.25375000000000014,NBM,20261001_12,20261001_00
2026-10-03,4.105,1.325,2.78,5.93,5.17,0.76,4.015000000000001,1.44125,2.57375,5.95625,5.2375,0.71875,0.08999999999999986,-0.11624999999999996,0.20624999999999982,-0.026250000000000107,-0.0674999999999999,0.04125000000000001,NBM,20261001_12,20261001_00
2026-10-04,4.11375,1.3362500000000002,2.7775,6.6325,5.9075,0.725,3.9625,1.4775,2.4850000000000003,6.91125,6.2625,0.64875,0.15124999999999966,-0.14124999999999988,0.29249999999999954,-0.2787499999999996,-0.3550000000000004,0.07624999999999993,NBM,20261001_12,20261001_00
2026-10-05,3.98125,1.315,2.66625,6.4275,5.94125,0.48625,3.885,1.63375,2.25125,6.69125,6.45,0.24125,0.09625000000000039,-0.3187500000000001,0.4149999999999996,-0.26374999999999993,-0.50875,0.24500000000000002,NBM,20261001_12,20261001_00
2026-10-06,4.42875,2.235,2.19375,9.2475,9.22375,0.02375,4.4925,2.65125,1.84125,10.20125,10.20125,0.0,-0.06374999999999975,-0.41625000000000023,0.35250000000000004,-0.9537499999999994,-0.9774999999999991,0.02375,NBM,20261001_12,20261001_00
2026-10-07,4.609999999999999,2.11375,2.49625,9.3175,8.57,0.7475,4.64875,2.505,2.14375,9.51875,9.0525,0.46625,-0.038750000000000284,-0.3912499999999999,0.35250000000000004,-0.20124999999999993,-0.48249999999999993,0.28125000000000006,NBM,20261001_12,20261001_00
2026-10-08,4.5425,1.46,3.0825,7.3275,6.00875,1.31875,4.265,1.7487499999999998,2.51625,7.33625,6.51,0.8262499999999999,0.27750000000000075,-0.28874999999999984,0.5662500000000001,-0.008750000000000036,-0.5012499999999998,0.49250000000000016,NBM,20261001_12,20261001_00
2026-10-01,4.03,0.0,4.03,4.03,0.0,4.03,4.3,0.0,4.3,4.3,0.0,4.3,-0.2699999999999996,0.0,-0.2699999999999996,-0.2699999999999996,0.0,-0.2699999999999996,UKMO_ENS,20261001_12,20261001_00
2026-10-02,3.63,0.0,3.63,3.63,0.0,3.63,3.77,0.0,3.77,3.77,0.0,3.77,-0.14000000000000012,0.0,-0.14000000000000012,-0.14000000000000012,0.0,-0.14000000000000012,UKMO_ENS,20261001_12,20261001_00
2026-10-03,1.18,1.18,0.0,1.18,1.18,0.0,1.08,1.08,0.0,1.08,1.08,0.0,0.09999999999999987,0.09999999999999987,0.0,0.09999999999999987,0.09999999999999987,0.0,UKMO_ENS,20261001_12,20261001_00
2026-10-04,1.87,1.87,0.0,1.87,1.87,0.0,1.98,1.98,0.0,1.98,1.98,0.0,-0.10999999999999988,-0.10999999999999988,0.0,-0.10999999999999988,-0.10999999999999988,0.0,UKMO_ENS,20261001_12,20261001_00
2026-10-05,2.58,2.58,0.0,2.58,2.58,0.0,2.52,2.52,0.0,2.52,2.52,0.0,0.06000000000000005,0.06000000000000005,0.0,0.06000000000000005,0.06000000000000005,0.0,UKMO_ENS,20261001_12,20261001_00
2026-10-06,4.49,4.49,0.0,4.49,4.49,0.0,5.16,5.16,0.0,5.16,5.16,0.0,-0.6699999999999999,-0.6699999999999999,0.0,-0.6699999999999999,-0.6699999999999999,0.0,UKMO_ENS,20261001_12,20261001_00
2026-10-07,3.5,3.5,0.0,3.5,3.5,0.0,4.47,4.47,0.0,4.47,4.47,0.0,-0.9699999999999998,-0.9699999999999998,0.0,-0.9699999999999998,-0.9699999999999998,0.0,UKMO_ENS,20261001_12,20261001_00
2026-10-08,0.74,0.0,0.74,0.74,0.0,0.74,0.28,0.0,0.28,0.28,0.0,0.28,0.45999999999999996,0.0,0.45999999999999996,0.45999999999999996,0.0,0.45999999999999996,UKMO_ENS,20261001_12,20261001_00
