date,natural_gas_mw,coal_mw,nuclear_mw,total_thermal_mw,gas_pct_thermal,load_mw,gas_pct_load,wind_mw,sample_hours
2026-03-13,145000,39000.0,93000,277000.0,52.3,,,,24
2026-03-14,73328,27762.0,34577,135667.0,54.0,208137.0,35.2,37093.0,24
2026-03-15,60670,25790.0,33209,119669.0,50.7,204089.0,29.7,56414.0,24
2026-03-16,64397,27592.0,33572,125561.0,51.3,206015.0,31.3,52339.0,24
2026-03-17,83428,31935.0,34132,149495.0,55.8,223761.0,37.3,40557.0,24
2026-03-18,80500,32541.0,34286,147327.0,54.6,231499.0,34.8,47500.0,24
2026-03-19,88691,33328.0,34258,156277.0,56.8,222932.0,39.8,31332.0,24
2026-03-20,91930,35131.0,34183,161244.0,57.0,220389.0,41.7,23429.0,24
2026-03-21,85371,34015.0,33707,153093.0,55.8,215864.0,39.5,25345.0,24
2026-03-22,69968,31727.0,33182,134877.0,51.9,208960.0,33.5,40477.0,24
2026-03-23,68080,29650.0,32582,130312.0,52.2,210654.0,32.3,54096.0,24
2026-03-24,86295,30233.0,31935,148463.0,58.1,218058.0,39.6,34354.0,24
2026-03-25,78189,31993.0,31891,142073.0,55.0,217654.0,35.9,39467.0,24
2026-03-26,73642,30802.0,31759,136203.0,54.1,219845.0,33.5,46101.0,24
2026-03-27,69660,26752.0,31776,128188.0,54.3,221287.0,31.5,57982.0,24
2026-03-28,75775,25534.0,32075,133384.0,56.8,210236.0,36.0,47478.0,24
2026-03-29,69643,22645.0,32025,124313.0,56.0,198808.0,35.0,43776.0,24
2026-03-30,65770,22457.0,32402,120629.0,54.5,204032.0,32.2,48907.0,24
2026-03-31,70747,25313.0,32072,128132.0,55.2,216101.0,32.7,52314.0,24
2026-04-01,77824,27625.0,32225,137674.0,56.5,218638.0,35.6,52783.0,24
2026-04-02,70254,29540.0,32579,132373.0,53.1,218163.0,32.2,55265.0,24
2026-04-03,69928,30437.0,32580,132945.0,52.6,214849.0,32.5,49299.0,24
2026-04-04,69425,27637.0,33392,130454.0,53.2,207706.0,33.4,44006.0,24
2026-04-05,64318,24912.0,32377,121607.0,52.9,196685.0,32.7,46755.0,24
2026-04-06,66412,23538.0,32259,122209.0,54.3,187790.0,35.4,33032.0,24
2026-04-07,74499,26629.0,30503,131631.0,56.6,205148.0,36.3,32967.0,24
2026-04-08,73082,25489.0,30335,128906.0,56.7,209591.0,34.9,41809.0,24
2026-04-09,68518,24913.0,30230,123661.0,55.4,209925.0,32.6,51500.0,24
2026-04-10,74689,26921.0,30183,131793.0,56.7,209393.0,35.7,44191.0,24
2026-04-11,76133,28731.0,29986,134850.0,56.5,203119.0,37.5,36654.0,24
2026-04-12,64328,24361.0,29662,118351.0,54.4,197099.0,32.6,50235.0,24
2026-04-13,62472,25662.0,29262,117396.0,53.2,203080.0,30.8,56011.0,24
2026-04-14,75702,31055.0,28904,135661.0,55.8,220951.0,34.3,54378.0,24
2026-04-15,83049,32541.0,29540,145130.0,57.2,226509.0,36.7,50280.0,24
2026-04-16,88548,34465.0,29536,152549.0,58.0,224901.0,39.4,37531.0,24
2026-04-17,82174,30879.0,29477,142530.0,57.7,228916.0,35.9,51388.0,24
2026-04-18,74311,26523.0,29546,130380.0,57.0,217138.0,34.2,54925.0,24
2026-04-19,69708,24279.0,29868,123855.0,56.3,190746.0,36.5,32507.0,24
2026-04-20,69532,23758.0,29975,123265.0,56.4,193238.0,36.0,31642.0,24
2026-04-21,64307,22778.0,28143,115228.0,55.8,171833.0,37.4,19762.0,24
2026-04-22,70589,23296.0,29499,123384.0,57.2,206164.0,34.2,46816.0,24
2026-04-23,72422,27549.0,29465,129436.0,56.0,212137.0,34.1,43325.0,24
2026-04-24,16744,0.0,1354,18098.0,92.5,28573.0,58.6,723.0,24
2026-04-25,84733,31349.0,31798,147880.0,57.3,209679.0,40.4,24316.0,24
2026-04-26,75812,27036.0,32317,135165.0,56.1,204132.0,37.1,35184.0,24
2026-04-27,62536,22222.0,30990,115748.0,54.0,184773.0,33.8,39019.0,24
2026-04-28,78602,27238.0,32313,138153.0,56.9,219289.0,35.8,41536.0,24
2026-04-29,88493,30694.0,32355,151542.0,58.4,216656.0,40.8,25559.0,24
2026-04-30,85388,29552.0,32251,147191.0,58.0,209574.0,40.7,33086.0,24
2026-05-01,86277,29744.0,32329,148350.0,58.2,205553.0,42.0,23608.0,24
2026-05-02,77709,30297.0,32638,140644.0,55.3,194532.0,39.9,19448.0,24
2026-05-03,70136,27007.0,32912,130055.0,53.9,189810.0,37.0,22047.0,24
2026-05-04,61766,26307.0,32308,120381.0,51.3,199250.0,31.0,40346.0,24
2026-05-05,60163,27133.0,32370,119666.0,50.3,213524.0,28.2,52213.0,24
2026-05-06,82606,26855.0,32978,142439.0,58.0,214107.0,38.6,41177.0,24
2026-05-07,73521,25757.0,31746,131024.0,56.1,185608.0,39.6,18534.0,24
2026-05-08,69930,24380.0,32346,126656.0,55.2,183661.0,38.1,18142.0,24
2026-05-09,71237,26452.0,34313,132002.0,54.0,203552.0,35.0,33631.0,24
2026-05-10,67475,25149.0,34545,127169.0,53.1,207441.0,32.5,44546.0,24
2026-05-11,72208,27844.0,35010,135062.0,53.5,206599.0,35.0,35318.0,24
2026-05-15,72168,25703.0,35045,132916.0,54.3,223361.0,32.3,52906.0,24
2026-05-16,69079,26630.0,35300,131009.0,52.7,221517.0,31.2,56490.0,24
2026-05-17,70007,29291.0,35158,134456.0,52.1,222383.0,31.5,53668.0,24
2026-05-18,73228,27575.0,34855,135658.0,54.0,210395.0,34.8,41548.0,24
2026-05-19,94208,34303.0,35553,164064.0,57.4,253246.0,37.2,50744.0,24
2026-05-20,104876,37222.0,35378,177476.0,59.1,246184.0,42.6,28265.0,24
2026-05-21,98099,35067.0,35639,168805.0,58.1,230964.0,42.5,24888.0,24
2026-05-22,80766,27146.0,36532,144444.0,55.9,214823.0,37.6,35203.0,24
2026-05-23,79139,26744.0,36570,142453.0,55.6,216311.0,36.6,40223.0,24
2026-05-24,69482,21755.0,35618,126855.0,54.8,180863.0,38.4,26003.0,24
2026-05-25,77842,27500.0,37184,142526.0,54.6,209465.0,37.2,31982.0,24
2026-05-26,83364,31584.0,37042,151990.0,54.8,225336.0,37.0,36608.0,24
2026-05-27,98625,36868.0,36373,171866.0,57.4,238943.0,41.3,28571.0,24
2026-05-28,104862,37367.0,36370,178599.0,58.7,239002.0,43.9,19542.0,24
2026-05-29,68843,21867.0,26255,116965.0,58.9,165998.0,41.5,18875.0,24
2026-05-30,69227,22071.0,26122,117420.0,59.0,170211.0,40.7,17428.0,24
2026-05-31,51046,15959.0,26956,93961.0,54.3,159495.0,32.0,37025.0,24
2026-06-01,61571,21246.0,27779,110596.0,55.7,168662.0,36.5,25867.0,24
2026-06-02,67159,22245.0,27719,117123.0,57.3,177947.0,37.7,26527.0,24
2026-06-03,41122,13956.0,9204,64282.0,64.0,115472.0,35.6,24055.0,24
2026-06-04,41419,12204.0,9201,62824.0,65.9,114209.0,36.3,18089.0,24
2026-06-05,41527,12977.0,9185,63689.0,65.2,115471.0,36.0,16997.0,24
2026-06-06,75836,27923.0,18803,122562.0,61.9,185656.0,40.8,22797.0,24
2026-06-07,40062,12610.0,9173,61845.0,64.8,110899.0,36.1,19500.0,24
2026-06-08,32935,11813.0,9185,53933.0,61.1,115476.0,28.5,32835.0,24
2026-06-09,74339,29141.0,18404,121884.0,61.0,198737.0,37.4,37129.0,24
2026-06-10,107241,38903.0,36949,183093.0,58.6,278523.0,38.5,46636.0,24
2026-06-11,111820,40323.0,37034,189177.0,59.1,285450.0,39.2,49380.0,24
2026-06-12,122547,39626.0,36917,199090.0,61.6,289845.0,42.3,41970.0,24
2026-06-13,111129,39651.0,37514,188294.0,59.0,277585.0,40.0,42130.0,24
2026-06-14,99535,38215.0,37634,175384.0,56.8,265141.0,37.5,43351.0,24
2026-06-15,101953,40548.0,37653,180154.0,56.6,245684.0,41.5,22853.0,24
2026-06-16,101686,40321.0,38252,180259.0,56.4,244034.0,41.7,22833.0,24
2026-06-17,93197,36228.0,38406,167831.0,55.5,248230.0,37.5,35086.0,24
2026-06-18,92065,37363.0,38277,167705.0,54.9,259010.0,35.5,48694.0,24
2026-06-19,106329,38202.0,37272,181803.0,58.5,258226.0,41.2,38469.0,24
2026-06-20,88770,28287.0,35670,152727.0,58.1,212658.0,41.7,21542.0,24
2026-06-21,87436,35975.0,36942,160353.0,54.5,237027.0,36.9,37008.0,24
2026-06-22,90627,40080.0,36960,167667.0,54.1,243697.0,37.2,36121.0,24
2026-06-23,101781,40421.0,37117,179319.0,56.8,252761.0,40.3,29185.0,24
2026-06-24,101238,41130.0,37250,179618.0,56.4,252559.0,40.1,31540.0,24
2026-06-25,100411,42436.0,37350,180197.0,55.7,259888.0,38.6,32528.0,24
2026-06-26,100839,44359.0,36814,182012.0,55.4,261838.0,38.5,37108.0,24
2026-06-27,98614,44443.0,37100,180157.0,54.7,259910.0,37.9,36340.0,24
2026-06-28,88125,44624.0,37282,170031.0,51.8,253050.0,34.8,43373.0,24
2026-06-29,94671,45541.0,38112,178324.0,53.1,270222.0,35.0,52650.0,24
2026-06-30,104245,46848.0,37984,189077.0,55.1,302135.0,34.5,52573.0,24
2026-07-01,121260,51265.0,37840,210365.0,57.6,305395.0,39.7,49532.0,24
2026-07-02,127457,53567.0,37531,218555.0,58.3,312405.0,40.8,41969.0,24
2026-07-03,126954,53270.0,37403,217627.0,58.3,312234.0,40.7,40803.0,24
2026-07-04,121966,53820.0,36806,212592.0,57.4,298611.0,40.8,32310.0,24
2026-07-05,116011,51424.0,37090,204525.0,56.7,270938.0,42.8,25961.0,24
2026-07-06,114282,52501.0,37167,203950.0,56.0,273541.0,41.8,26195.0,24
2026-07-07,122942,54591.0,37236,214769.0,57.2,282222.0,43.6,23269.0,24
2026-07-08,122001,51525.0,37332,210858.0,57.9,284046.0,43.0,27023.0,24
2026-07-09,126895,50755.0,37202,214852.0,59.1,296105.0,42.9,34744.0,24
2026-07-10,126530,50409.0,37051,213990.0,59.1,297665.0,42.5,36919.0,24
2026-07-11,123918,50827.0,37102,211847.0,58.5,287713.0,43.1,31413.0,24
2026-07-12,120269,51865.0,37175,209309.0,57.5,271971.0,44.2,24448.0,24
2026-07-13,121595,53332.0,37464,212391.0,57.3,273645.0,44.4,23206.0,24
2026-07-14,122866,44292.0,36668,203826.0,60.3,258899.0,47.5,15154.0,24
2026-07-15,139488,55913.0,37630,233031.0,59.9,307513.0,45.4,25124.0,24
2026-07-16,139125,56193.0,37476,232794.0,59.8,304771.0,45.6,23614.0,24
2026-07-17,134517,55512.0,37612,227641.0,59.1,299807.0,44.9,25483.0,24
2026-07-18,123719,53548.0,37353,214620.0,57.6,294712.0,42.0,35453.0,24
2026-07-19,118112,53368.0,37014,208494.0,56.7,281987.0,41.9,30272.0,24
2026-07-20,122089,54306.0,37496,213891.0,57.1,281331.0,43.4,26122.0,24
2026-07-21,132470,52434.0,38038,222942.0,59.4,293561.0,45.1,29137.0,24
2026-07-22,134799,51635.0,37984,224418.0,60.1,295857.0,45.6,29828.0,24
2026-07-23,130150,48940.0,38158,217248.0,59.9,282872.0,46.0,25282.0,24
2026-07-24,119622,46687.0,38221,204530.0,58.5,273818.0,43.7,29359.0,24
2026-07-25,116993,46708.0,38215,201916.0,57.9,272865.0,42.9,34135.0,24
2026-07-26,120082,48764.0,38151,206997.0,58.0,277500.0,43.3,28878.0,24
2026-07-27,129877,50393.0,38036,218306.0,59.5,295462.0,44.0,35280.0,24
2026-07-28,138508,50726.0,37853,227087.0,61.0,304861.0,45.4,36782.0,24
2026-07-29,159221,69861.0,56216,285298.0,55.8,369914.0,43.0,31804.0,24
2026-07-30,154273,65281.0,56600,276154.0,55.9,372976.0,41.4,38490.0,24
2026-07-31,155527,61915.0,56564,274006.0,56.8,375136.0,41.5,47622.0,24
2026-08-01,152679,59446.0,56435,268560.0,56.9,356768.0,42.8,43822.0,24
2026-08-02,152335,59031.0,56202,267568.0,56.9,346935.0,43.9,28138.0,24
2026-08-03,151730,58587.0,55948,266265.0,57.0,368759.0,41.1,42199.0,24
2026-08-04,151729,60010.0,55851,267590.0,56.7,373344.0,40.6,47218.0,24
2026-08-05,158278,66674.0,55774,280726.0,56.4,379170.0,41.7,38856.0,24
2026-08-06,169683,70920.0,55662,296265.0,57.3,386784.0,43.9,35086.0,24
2026-08-07,171512,66906.0,55454,293872.0,58.4,391130.0,43.9,41144.0,24
2026-08-08,164768,67467.0,54965,287200.0,57.4,372920.0,44.2,32480.0,24
2026-08-09,162755,60821.0,58674,282250.0,57.7,383073.0,42.5,43717.0,24
2026-08-10,175915,69259.0,58485,303659.0,57.9,403405.0,43.6,43601.0,24
2026-08-11,173565,70172.0,58182,301919.0,57.5,402144.0,43.2,47655.0,24
2026-08-12,170030,67810.0,58273,296113.0,57.4,397885.0,42.7,49413.0,24
2026-08-13,167728,67047.0,59233,294008.0,57.0,400459.0,41.9,53018.0,24
2026-08-14,165715,68311.0,59277,293303.0,56.5,396749.0,41.8,51153.0,24
2026-08-15,155890,66903.0,59294,282087.0,55.3,376545.0,41.4,41654.0,24
2026-08-16,159983,66630.0,59302,285915.0,56.0,371043.0,43.1,31509.0,24
2026-08-17,178593,69885.0,59455,307933.0,58.0,387571.0,46.1,24869.0,24
2026-08-18,178475,66276.0,59461,304212.0,58.7,392071.0,45.5,32587.0,24
2026-08-19,177991,66205.0,59416,303612.0,58.6,392687.0,45.3,34126.0,24
2026-08-20,181756,68565.0,59400,309721.0,58.7,392277.0,46.3,28713.0,24
2026-08-21,173518,64504.0,59423,297445.0,58.3,381917.0,45.4,31971.0,24
2026-08-22,160399,59389.0,59228,279016.0,57.5,364921.0,44.0,33958.0,24
2026-08-23,150830,55091.0,59259,265180.0,56.9,352104.0,42.8,30172.0,24
2026-08-24,157859,54450.0,59231,271540.0,58.1,364557.0,43.3,36548.0,24
2026-08-25,164140,58710.0,59184,282034.0,58.2,370078.0,44.4,33428.0,24
2026-08-26,175792,64544.0,59255,299591.0,58.7,379817.0,46.3,27694.0,24
2026-08-27,186810,67821.0,59275,313906.0,59.5,387588.0,48.2,19561.0,24
2026-08-28,178414,66530.0,59448,304392.0,58.6,383070.0,46.6,22658.0,24
2026-08-29,141525,54631.0,59716,255872.0,55.3,358001.0,39.5,48144.0,24
2026-08-30,166663,65760.0,59952,292375.0,57.0,399686.0,41.7,55493.0,4
